32,32,0,0.679892,0.144225,0.6843,0.220634,54.9632,-35.1983,-278.184,54.9632,-35.1983,-278.184,0.0748641
40,40,0,0.675521,0.146501,0.688904,0.218222,54.5647,-35.5366,-277.98,54.5647,-35.5366,-277.98,0.133893
48,48,0,0.671175,0.147897,0.693017,0.217665,55.0278,-35.2907,-277.644,55.0278,-35.2907,-277.644,0.0716036
56,56,0,0.665849,0.150356,0.697568,0.217801,54.5541,-35.3913,-277.599,54.5541,-35.3913,-277.599,0.11538
64,64,0,0.661329,0.150834,0.701676,0.218049,54.8658,-35.4678,-277.055,54.8658,-35.4678,-277.055,0.068905
72,72,0,0.655139,0.154106,0.70546,0.222198,54.5878,-35.2472,-276.974,54.5878,-35.2472,-276.974,0.0955665
80,80,0,0.648815,0.153758,0.710338,0.225428,54.7982,-35.7392,-276.6,54.7982,-35.7392,-276.6,0.0594295
88,88,0,0.639816,0.156822,0.714976,0.234205,54.6665,-35.6516,-276.471,54.6665,-35.6516,-276.471,0.103686
96,96,0,0.631641,0.153984,0.721429,0.238452,54.7293,-36.4612,-275.737,54.7293,-36.4612,-275.737,0.0704194
104,104,0,0.622811,0.155889,0.72512,0.249011,54.819,-36.103,-275.514,54.819,-36.103,-275.514,0.116745
112,112,0,0.617538,0.149999,0.730162,0.251019,54.7272,-37.0833,-275.253,54.7272,-37.0833,-275.253,0.066613
120,120,0,0.612003,0.150918,0.731207,0.260793,54.9058,-36.4633,-275.215,54.9058,-36.4633,-275.215,0.115869
128,128,0,0.60975,0.141374,0.735633,0.258965,54.5706,-37.6354,-275.134,54.5706,-37.6354,-275.134,0.067721
136,136,0,0.605967,0.139151,0.736275,0.267097,54.9041,-36.6829,-275.158,54.9041,-36.6829,-275.158,0.0912542
144,144,0,0.604563,0.129409,0.739942,0.265035,54.4264,-38.1753,-275.021,54.4264,-38.1753,-275.021,0.0782845
152,152,0,0.601751,0.12849,0.738829,0.274805,55.0532,-37.1451,-275.11,55.0532,-37.1451,-275.11,0.10112
160,160,0,0.600963,0.11961,0.741453,0.273467,54.4254,-38.6638,-275.226,54.4254,-38.6638,-275.226,0.0884004
168,168,0,0.600153,0.118251,0.738913,0.282564,55.1311,-37.5582,-275.349,55.1311,-37.5582,-275.349,0.0910689
176,176,0,0.602328,0.108541,0.739987,0.278997,54.3126,-39.095,-275.503,54.3126,-39.095,-275.503,0.0774817
184,184,0,0.604716,0.106282,0.735683,0.285998,55.1858,-37.8468,-275.633,55.1858,-37.8468,-275.633,0.0782595
192,192,0,0.608544,0.0974718,0.735438,0.28161,54.0857,-39.3624,-276.007,54.0857,-39.3624,-276.007,0.0951276
200,200,0,0.613533,0.0961931,0.728921,0.288096,55.2707,-37.8864,-276.051,55.2707,-37.8864,-276.051,0.0932874
208,208,0,0.618794,0.0893583,0.726982,0.28391,54.1416,-39.4435,-276.607,54.1416,-39.4435,-276.607,0.0908016
216,216,0,0.62501,0.0906577,0.718607,0.291114,55.3002,-38.1124,-276.753,55.3002,-38.1124,-276.753,0.0925009
224,224,0,0.63145,0.0874784,0.714468,0.288366,54.2262,-39.356,-277.457,54.2262,-39.356,-277.457,0.103614
232,232,0,0.638796,0.090352,0.705311,0.293791,55.2648,-38.087,-277.607,55.2648,-38.087,-277.607,0.0799254
240,240,0,0.645914,0.0887214,0.7009,0.289245,54.1698,-39.0645,-278.346,54.1698,-39.0645,-278.346,0.102388
248,248,0,0.653715,0.0910217,0.692953,0.290151,55.1513,-37.8525,-278.259,55.1513,-37.8525,-278.259,0.0927767
256,256,0,0.6605,0.0895093,0.689895,0.28244,54.2023,-38.6432,-278.919,54.2023,-38.6432,-278.919,0.115387
264,264,0,0.667887,0.092439,0.683465,0.279747,55.0327,-37.6456,-278.807,55.0327,-37.6456,-278.807,0.0844842
272,272,0,0.6737,0.0942177,0.680399,0.272597,54.2328,-38.2022,-279.326,54.2328,-38.2022,-279.326,0.133336
280,280,0,0.679489,0.0993281,0.674883,0.270117,55.0502,-37.1621,-279.348,55.0502,-37.1621,-279.348,0.115505
288,288,0,0.68365,0.102459,0.672886,0.263342,54.4269,-37.5165,-279.654,54.4269,-37.5165,-279.654,0.141307
296,296,0,0.687426,0.107218,0.669764,0.259551,54.9327,-36.8495,-279.55,54.9327,-36.8495,-279.55,0.103761
304,304,0,0.689581,0.110844,0.669119,0.253914,54.6289,-36.874,-279.723,54.6289,-36.874,-279.723,0.129682
312,312,0,0.691079,0.114372,0.668874,0.24887,54.8812,-36.7657,-279.471,54.8812,-36.7657,-279.471,0.100418
320,320,0,0.691135,0.120435,0.668983,0.245538,54.628,-36.5157,-279.683,54.628,-36.5157,-279.683,0.151376
328,328,0,0.690933,0.126073,0.669569,0.241651,54.7518,-36.381,-279.341,54.7518,-36.381,-279.341,0.104165
336,336,0,0.689078,0.133938,0.670266,0.240783,54.6553,-35.7828,-279.403,54.6553,-35.7828,-279.403,0.129869
344,344,0,0.688522,0.139102,0.67157,0.235759,54.6828,-35.9277,-279.031,54.6828,-35.9277,-279.031,0.100395
352,352,0,0.68725,0.147659,0.671577,0.23424,54.7461,-35.1279,-278.999,54.7461,-35.1279,-278.999,0.104393
360,360,0,0.686996,0.15141,0.673728,0.22628,54.5919,-35.5731,-278.789,54.5919,-35.5731,-278.789,0.105352
368,368,0,0.685565,0.157963,0.674946,0.222479,54.9336,-34.5946,-278.722,54.9336,-34.5946,-278.722,0.123826
376,376,0,0.684924,0.159755,0.67875,0.21132,54.6789,-35.2407,-278.487,54.6789,-35.2407,-278.487,0.0804191
384,384,0,0.681902,0.16889,0.679828,0.210525,54.8793,-34.1221,-278.071,54.8793,-34.1221,-278.071,0.103344
392,392,0,0.679749,0.171927,0.68378,0.202061,54.6049,-34.915,-277.959,54.6049,-34.915,-277.959,0.0842535
400,400,0,0.676203,0.180823,0.684853,0.202557,55.1131,-33.7751,-277.523,55.1131,-33.7751,-277.523,0.114589
408,408,0,0.674185,0.184013,0.688429,0.19411,54.6153,-34.4992,-277.552,54.6153,-34.4992,-277.552,0.0782913
416,416,0,0.670888,0.193142,0.688658,0.195846,55.074,-33.2343,-277.091,55.074,-33.2343,-277.091,0.0911566
424,424,0,0.668187,0.192597,0.693849,0.1871,54.6018,-34.3863,-276.932,54.6018,-34.3863,-276.932,0.071383
432,432,0,0.663867,0.19903,0.695578,0.189315,55.1196,-32.998,-276.531,55.1196,-32.998,-276.531,0.0805433
440,440,0,0.660412,0.197569,0.701296,0.181676,54.6659,-34.2185,-276.396,54.6659,-34.2185,-276.396,0.0701515
448,448,0,0.654552,0.204388,0.703287,0.18755,55.2619,-32.9717,-275.938,55.2619,-32.9717,-275.938,0.0899535
456,456,0,0.649802,0.203034,0.709358,0.18261,54.7832,-34.2148,-275.986,54.7832,-34.2148,-275.986,0.0594518
464,464,0,0.644197,0.208062,0.711586,0.188058,55.1515,-33.1963,-275.283,55.1515,-33.1963,-275.283,0.085321
472,472,0,0.641308,0.20318,0.717635,0.180115,54.599,-34.2537,-275.271,54.599,-34.2537,-275.271,0.0705364
480,480,0,0.637103,0.20415,0.720401,0.182878,55.0901,-33.1043,-274.869,55.0901,-33.1043,-274.869,0.0573346
488,488,0,0.634302,0.198776,0.725994,0.176299,54.6421,-34.1679,-274.995,54.6421,-34.1679,-274.995,0.0668067
496,496,0,0.629087,0.19959,0.72909,0.18122,55.1265,-33.2745,-274.509,55.1265,-33.2745,-274.509,0.0786655
504,504,0,0.625414,0.194608,0.734589,0.1771,54.6781,-34.4381,-274.457,54.6781,-34.4381,-274.457,0.0660885
512,512,0,0.620414,0.19638,0.736816,0.183369,55.0434,-33.561,-274.238,55.0434,-33.561,-274.238,0.0743444
520,520,0,0.617453,0.190907,0.741717,0.179341,54.7059,-34.5937,-274.073,54.7059,-34.5937,-274.073,0.057157
528,528,0,0.612579,0.190263,0.744729,0.184193,54.9988,-33.9135,-273.83,54.9988,-33.9135,-273.83,0.0810418
536,536,0,0.609705,0.182288,0.750152,0.179733,54.7837,-34.8166,-273.709,54.7837,-34.8166,-273.709,0.0610608
544,544,0,0.605419,0.179327,0.753495,0.183182,54.9822,-34.2636,-273.561,54.9822,-34.2636,-273.561,0.0682034
552,552,0,0.602526,0.171304,0.758523,0.179615,54.8418,-35.1563,-273.258,54.8418,-35.1563,-273.258,0.0688964
560,560,0,0.597227,0.16746,0.762572,0.183745,54.9445,-34.714,-273.248,54.9445,-34.714,-273.248,0.0763969
568,568,0,0.593368,0.159926,0.767532,0.182297,54.8543,-35.3041,-273.079,54.8543,-35.3041,-273.079,0.0606843
576,576,0,0.588015,0.154918,0.771853,0.185698,54.8338,-35.1787,-272.98,54.8338,-35.1787,-272.98,0.0877627
584,584,0,0.58463,0.146714,0.776125,0.18524,54.8755,-35.631,-272.654,54.8755,-35.631,-272.654,0.0741332
592,592,0,0.581551,0.140297,0.779139,0.187238,54.8951,-35.6245,-272.81,54.8951,-35.6245,-272.81,0.0615164
600,600,0,0.579073,0.134311,0.781328,0.190159,55.0015,-35.7793,-272.515,55.0015,-35.7793,-272.515,0.0472226
608,608,0,0.574761,0.128166,0.784657,0.193743,54.7001,-36.2494,-272.633,54.7001,-36.2494,-272.633,0.0730454
616,616,0,0.571325,0.120508,0.787396,0.19767,55.0155,-36.1746,-272.258,55.0155,-36.1746,-272.258,0.080662
624,624,0,0.568045,0.111617,0.790765,0.198892,54.7362,-36.8714,-272.487,54.7362,-36.8714,-272.487,0.0802059
632,632,0,0.565636,0.106339,0.791495,0.205632,55.0342,-36.4562,-272.259,55.0342,-36.4562,-272.259,0.0723547
640,640,0,0.565557,0.0979528,0.792705,0.205349,54.6393,-37.4931,-272.534,54.6393,-37.4931,-272.534,0.070373
648,648,0,0.565659,0.0916555,0.791912,0.210962,55.1777,-36.7883,-272.476,55.1777,-36.7883,-272.476,0.0541356
656,656,0,0.564396,0.0816607,0.794027,0.210501,54.6915,-37.8474,-272.678,54.6915,-37.8474,-272.678,0.0716937
664,664,0,0.562309,0.0745091,0.794456,0.21702,55.1712,-37.3206,-272.545,55.1712,-37.3206,-272.545,0.0643129
672,672,0,0.561168,0.0656077,0.796133,0.216696,54.7147,-38.6112,-272.692,54.7147,-38.6112,-272.692,0.0653588
680,680,0,0.560331,0.0635526,0.794389,0.225692,55.1922,-37.7393,-272.728,55.1922,-37.7393,-272.728,0.0674397
688,688,0,0.560929,0.0555107,0.795088,0.223861,54.5764,-39.0632,-272.8,54.5764,-39.0632,-272.8,0.0734567
696,696,0,0.560368,0.0524368,0.793152,0.232697,55.223,-37.9141,-272.98,55.223,-37.9141,-272.98,0.0556703
704,704,0,0.559745,0.044238,0.794457,0.231444,54.7145,-39.5174,-272.888,54.7145,-39.5174,-272.888,0.0762542
712,712,0,0.558121,0.0421652,0.792608,0.241858,55.3327,-38.2737,-273.186,55.3327,-38.2737,-273.186,0.0638423
720,720,0,0.558428,0.0388053,0.792175,0.243126,54.755,-39.9354,-272.842,54.755,-39.9354,-272.842,0.0823391
728,728,0,0.55851,0.0425732,0.787573,0.256873,55.312,-38.5565,-273.47,55.312,-38.5565,-273.47,0.0535601
736,736,0,0.560914,0.0408188,0.785695,0.257668,54.6763,-40.4274,-273.097,54.6763,-40.4274,-273.097,0.0838828
744,744,0,0.562724,0.0398229,0.781297,0.267081,55.3296,-38.9208,-274.037,55.3296,-38.9208,-274.037,0.0562098
752,752,0,0.567002,0.0321878,0.780163,0.262335,54.7082,-40.8691,-273.508,54.7082,-40.8691,-273.508,0.0847443
760,760,0,0.569052,0.0321791,0.775207,0.272393,55.414,-39.1577,-274.537,55.414,-39.1577,-274.537,0.0727719
768,768,0,0.573595,0.0271105,0.773177,0.269169,54.6141,-40.9565,-273.805,54.6141,-40.9565,-273.805,0.101903
776,776,0,0.576246,0.028371,0.767439,0.279595,55.3221,-39.294,-275.008,55.3221,-39.294,-275.008,0.0593784
784,784,0,0.580612,0.0242657,0.764982,0.277676,54.7195,-41.1493,-274.333,54.7195,-41.1493,-274.333,0.0691534
792,792,0,0.581469,0.0263103,0.759874,0.28947,55.3926,-39.5727,-275.727,55.3926,-39.5727,-275.727,0.066941
800,800,0,0.585997,0.0191556,0.757832,0.286234,54.8692,-41.2812,-274.767,54.8692,-41.2812,-274.767,0.0760489
808,808,0,0.589868,0.0163862,0.752423,0.292653,55.243,-39.9566,-276.378,55.243,-39.9566,-276.378,0.0514478
816,816,0,0.596642,0.00802717,0.749214,0.287459,54.7835,-41.4143,-275.342,54.7835,-41.4143,-275.342,0.080641
824,824,0,0.60196,0.00364431,0.743873,0.290318,55.1851,-40.273,-277.004,55.1851,-40.273,-277.004,0.070088
832,832,0,0.610599,-0.00636294,0.740059,0.281853,54.8383,-41.2681,-276.034,54.8383,-41.2681,-276.034,0.067426
840,840,0,0.616112,-0.0115643,0.73555,0.281492,55.0125,-40.5938,-277.492,55.0125,-40.5938,-277.492,0.0664665
848,848,0,0.623541,-0.0178297,0.731032,0.276533,54.9566,-41.0917,-276.768,54.9566,-41.0917,-276.768,0.0614675
856,856,0,0.629704,-0.0174118,0.725108,0.278186,54.9696,-40.8244,-278.033,54.9696,-40.8244,-278.033,0.0791732
864,864,0,0.637794,-0.0165591,0.718094,0.278003,54.8914,-40.9653,-277.327,54.8914,-40.9653,-277.327,0.0735082
872,872,0,0.644127,-0.0154872,0.711682,0.279946,54.9122,-40.7254,-278.908,54.9122,-40.7254,-278.908,0.0821174
880,880,0,0.652124,-0.0174223,0.704851,0.278597,54.8907,-40.6805,-278.335,54.8907,-40.6805,-278.335,0.0631065
888,888,0,0.659647,-0.0173526,0.697385,0.279677,54.9486,-41.0937,-279.388,54.9486,-41.0937,-279.388,0.107836
896,896,0,0.667397,-0.0157162,0.688774,0.282709,55.0077,-40.4851,-279.411,55.0077,-40.4851,-279.411,0.0854551
904,904,0,0.674065,-0.0170471,0.681789,0.283742,55.019,-41.2351,-280.125,55.019,-41.2351,-280.125,0.116157
912,912,0,0.6802,-0.016203,0.673778,0.288252,55.0856,-40.4533,-280.482,55.0856,-40.4533,-280.482,0.0970307
920,920,0,0.686479,-0.018368,0.667264,0.288389,54.9682,-41.3537,-280.718,54.9682,-41.3537,-280.718,0.129191
928,928,0,0.691596,-0.0162895,0.659754,0.29352,55.1586,-40.3056,-281.115,55.1586,-40.3056,-281.115,0.108758
936,936,0,0.698421,-0.0199424,0.654397,0.289093,54.9982,-41.6418,-280.836,54.9982,-41.6418,-280.836,0.12345
944,944,0,0.704271,-0.0170432,0.646986,0.291754,55.2058,-39.9814,-282.018,55.2058,-39.9814,-282.018,0.136203
952,952,0,0.713513,-0.0212109,0.64109,0.281874,55.1655,-41.269,-281.772,55.1655,-41.269,-281.772,0.134812
960,960,0,0.721091,-0.0176567,0.633345,0.28034,55.2886,-39.5993,-283.05,55.2886,-39.5993,-283.05,0.138886
968,968,0,0.731223,-0.0197751,0.626834,0.268332,55.2158,-40.8678,-282.273,55.2158,-40.8678,-282.273,0.141399
976,976,0,0.738536,-0.0153206,0.61964,0.265284,55.3595,-39.0698,-283.751,55.3595,-39.0698,-283.751,0.155678
984,984,0,0.747894,-0.0180124,0.614338,0.250837,55.3221,-40.395,-282.641,55.3221,-40.395,-282.641,0.154085
992,992,0,0.753319,-0.0131355,0.609424,0.24686,55.3392,-38.5974,-284.278,55.3392,-38.5974,-284.278,0.176037
1000,1000,0,0.759657,-0.0150996,0.607023,0.232848,55.2952,-39.9636,-282.851,55.2952,-39.9636,-282.851,0.146228
1008,1008,0,0.761269,-0.00901946,0.605334,0.232293,55.464,-38.2453,-284.719,55.464,-38.2453,-284.719,0.186576
1016,1016,0,0.764454,-0.0081373,0.604895,0.222817,55.409,-39.4984,-282.886,55.409,-39.4984,-282.886,0.156333
1024,1024,0,0.764482,-0.00114655,0.604855,0.222973,55.447,-37.823,-284.681,55.447,-37.823,-284.681,0.181155
1032,1032,0,0.767524,-0.00183437,0.605629,0.210044,55.3985,-38.994,-282.773,55.3985,-38.994,-282.773,0.14468
1040,1040,0,0.767485,0.00253791,0.607318,0.205243,55.3193,-37.4687,-284.529,55.3193,-37.4687,-284.529,0.185746
1048,1048,0,0.769896,0.00257694,0.608692,0.191697,55.2964,-38.3078,-282.789,55.2964,-38.3078,-282.789,0.131466
1056,1056,0,0.76893,0.00845207,0.610892,0.188381,55.3796,-37.0272,-284.645,55.3796,-37.0272,-284.645,0.201845
1064,1064,0,0.769706,0.0127032,0.612613,0.179155,55.3541,-37.6746,-282.74,55.3541,-37.6746,-282.74,0.147873
1072,1072,0,0.767519,0.0218239,0.615242,0.17865,55.3408,-36.6029,-284.292,55.3408,-36.6029,-284.292,0.184367
1080,1080,0,0.766971,0.028442,0.617924,0.170638,55.2069,-36.8975,-282.699,55.2069,-36.8975,-282.699,0.130565
1088,1088,0,0.764452,0.0363937,0.621596,0.167055,55.2384,-36.0334,-283.692,55.2384,-36.0334,-283.692,0.166839
1096,1096,0,0.762726,0.0420238,0.625498,0.158857,55.2221,-36.2315,-282.401,55.2221,-36.2315,-282.401,0.131499
1104,1104,0,0.758846,0.0483996,0.630583,0.155482,55.1907,-35.8583,-282.941,55.1907,-35.8583,-282.941,0.152207
1112,1112,0,0.756125,0.05617,0.634277,0.151039,55.113,-35.7294,-281.741,55.113,-35.7294,-281.741,0.0901939
1120,1120,0,0.752191,0.0663142,0.637894,0.151335,55.1478,-34.967,-282.598,55.1478,-34.967,-282.598,0.141971
1128,1128,0,0.748961,0.0717321,0.642523,0.145181,55.1068,-35.0643,-281.254,55.1068,-35.0643,-281.254,0.127173
1136,1136,0,0.743786,0.0765739,0.648726,0.141686,55.1555,-34.6338,-281.885,55.1555,-34.6338,-281.885,0.146167
1144,1144,0,0.740039,0.0809185,0.653499,0.136875,54.9547,-34.7936,-280.588,54.9547,-34.7936,-280.588,0.0996114
1152,1152,0,0.736688,0.0882381,0.656272,0.137157,55.2178,-34.437,-281.228,55.2178,-34.437,-281.228,0.143701
1160,1160,0,0.733868,0.0934018,0.659384,0.133889,54.9276,-34.2984,-280.239,54.9276,-34.2984,-280.239,0.100707
1168,1168,0,0.729971,0.0963579,0.663682,0.131851,55.182,-34.1395,-280.679,55.182,-34.1395,-280.679,0.151295
1176,1176,0,0.724814,0.0981573,0.669388,0.130113,54.8366,-34.1235,-279.663,54.8366,-34.1235,-279.663,0.085494
1184,1184,0,0.720284,0.100897,0.673836,0.130213,55.1793,-34.3005,-279.78,55.1793,-34.3005,-279.78,0.106855
1192,1192,0,0.714446,0.103843,0.679046,0.132969,54.7965,-34.0671,-279.154,54.7965,-34.0671,-279.154,0.0771594
1200,1200,0,0.709475,0.107727,0.683083,0.135784,55.0844,-34.2958,-279.22,55.0844,-34.2958,-279.22,0.107759
1208,1208,0,0.703567,0.110053,0.68834,0.138093,54.7293,-34.0001,-278.717,54.7293,-34.0001,-278.717,0.0902745
1216,1216,0,0.699092,0.108537,0.693742,0.134951,55.0525,-34.514,-278.65,55.0525,-34.514,-278.65,0.0959074
1224,1224,0,0.693623,0.10606,0.699897,0.133354,54.7239,-34.0457,-278.135,54.7239,-34.0457,-278.135,0.0734343
1232,1232,0,0.690266,0.103233,0.704331,0.129594,55.0604,-34.6024,-277.921,55.0604,-34.6024,-277.921,0.0855625
1240,1240,0,0.685219,0.103286,0.708854,0.131656,54.6174,-33.9743,-277.765,54.6174,-33.9743,-277.765,0.065422
1248,1248,0,0.682888,0.101709,0.711697,0.129641,54.9113,-34.6508,-277.517,54.9113,-34.6508,-277.517,0.0665904
1256,1256,0,0.678073,0.102954,0.715257,0.134254,54.4372,-34.2705,-277.317,54.4372,-34.2705,-277.317,0.0546728
1264,1264,0,0.675222,0.100814,0.718155,0.134783,54.8933,-34.841,-277.152,54.8933,-34.841,-277.152,0.0702538
1272,1272,0,0.670238,0.0979578,0.722485,0.138568,54.5547,-34.4556,-276.957,54.5547,-34.4556,-276.957,0.063098
1280,1280,0,0.667826,0.0916563,0.725956,0.136369,54.7465,-35.2784,-276.656,54.7465,-35.2784,-276.656,0.0616301
1288,1288,0,0.662854,0.0880653,0.729804,0.14232,54.5319,-34.9394,-276.566,54.5319,-34.9394,-276.566,0.0640432
1296,1296,0,0.660118,0.0822476,0.732702,0.14362,54.73,-35.7429,-276.291,54.73,-35.7429,-276.291,0.0538943
1304,1304,0,0.654885,0.0790257,0.735724,0.153599,54.5758,-35.1762,-276.466,54.5758,-35.1762,-276.466,0.0616213
1312,1312,0,0.652287,0.0705767,0.738557,0.155159,54.6752,-36.3596,-276.042,54.6752,-36.3596,-276.042,0.0569079
1320,1320,0,0.646883,0.0662422,0.74127,0.166354,54.6622,-35.7525,-276.505,54.6622,-35.7525,-276.505,0.0908272
1328,1328,0,0.644179,0.0548906,0.744485,0.166622,54.5668,-36.8418,-275.891,54.5668,-36.8418,-275.891,0.0645965
1336,1336,0,0.639391,0.0477311,0.746998,0.175772,54.6751,-36.5234,-276.301,54.6751,-36.5234,-276.301,0.0711159
1344,1344,0,0.636765,0.0372341,0.749321,0.177941,54.5122,-37.62,-275.419,54.5122,-37.62,-275.419,0.0652769
1352,1352,0,0.633154,0.0314928,0.750031,0.188621,54.788,-37.2489,-276.386,54.788,-37.2489,-276.386,0.0710431
1360,1360,0,0.631892,0.0232762,0.750492,0.192182,54.3784,-38.2273,-275.425,54.3784,-38.2273,-275.425,0.0624393
1368,1368,0,0.630692,0.0187823,0.748738,0.203142,54.9285,-38.011,-276.466,54.9285,-38.011,-276.466,0.0631314
1376,1376,0,0.630946,0.0113657,0.747462,0.207558,54.4799,-38.8134,-275.593,54.4799,-38.8134,-275.593,0.0603047
1384,1384,0,0.630759,0.00472906,0.745177,0.21641,54.9894,-38.7229,-276.899,54.9894,-38.7229,-276.899,0.0656361
1392,1392,0,0.63102,-0.00328521,0.74356,0.221184,54.3793,-39.3364,-275.821,54.3793,-39.3364,-275.821,0.067982
1400,1400,0,0.632813,-0.00941584,0.739585,0.229071,55.1563,-39.4059,-277.295,55.1563,-39.4059,-277.295,0.0640121
1408,1408,0,0.634983,-0.0146088,0.736205,0.233638,54.4215,-39.5927,-276.481,54.4215,-39.5927,-276.481,0.0661871
1416,1416,0,0.639978,-0.0201807,0.730778,0.236612,55.1718,-39.9913,-277.837,55.1718,-39.9913,-277.837,0.0800107
1424,1424,0,0.644646,-0.0230227,0.725826,0.238912,54.4226,-39.8031,-277.073,54.4226,-39.8031,-277.073,0.0686121
1432,1432,0,0.651077,-0.0273781,0.71982,0.239182,55.2341,-40.2415,-278.562,55.2341,-40.2415,-278.562,0.0968148
1440,1440,0,0.65665,-0.0299145,0.714864,0.238507,54.3598,-39.7825,-277.763,54.3598,-39.7825,-277.763,0.0801471
1448,1448,0,0.664925,-0.0315679,0.707702,0.236721,55.2589,-40.455,-279.187,55.2589,-40.455,-279.187,0.0864064
1456,1456,0,0.67093,-0.0249414,0.700709,0.241324,54.4362,-39.6039,-278.507,54.4362,-39.6039,-278.507,0.0626079
1464,1464,0,0.678696,-0.0197801,0.692905,0.242618,55.0219,-40.1956,-279.669,55.0219,-40.1956,-279.669,0.129421
1472,1472,0,0.685165,-0.0131321,0.686421,0.243318,54.4447,-39.1097,-279.469,54.4447,-39.1097,-279.469,0.10372
1480,1480,0,0.693888,-0.0123911,0.68071,0.234521,55.0347,-39.9005,-280.362,55.0347,-39.9005,-280.362,0.135864
1488,1488,0,0.700262,-0.00730032,0.676282,0.228522,54.5836,-38.6283,-280.176,54.5836,-38.6283,-280.176,0.0745461
1496,1496,0,0.706574,-0.00341508,0.672661,0.219702,55.1004,-39.2147,-280.902,55.1004,-39.2147,-280.902,0.133143
1504,1504,0,0.71009,0.00474119,0.670543,0.214765,54.6237,-38.0442,-280.646,54.6237,-38.0442,-280.646,0.0936036
1512,1512,0,0.714865,0.0104677,0.668563,0.204652,55.0308,-38.3349,-280.962,55.0308,-38.3349,-280.962,0.133231
1520,1520,0,0.717672,0.017372,0.668057,0.195816,54.6677,-37.3634,-280.598,54.6677,-37.3634,-280.598,0.092418
1528,1528,0,0.720071,0.0231644,0.668346,0.185138,54.9542,-37.5636,-280.855,54.9542,-37.5636,-280.855,0.140991
1536,1536,0,0.719687,0.0315208,0.670036,0.17919,54.6728,-36.5994,-280.552,54.6728,-36.5994,-280.552,0.0909797
1544,1544,0,0.718801,0.0386745,0.672273,0.172854,54.9292,-36.7863,-280.605,54.9292,-36.7863,-280.605,0.13971
1552,1552,0,0.715595,0.0455066,0.676278,0.168827,54.6389,-36.2362,-280.096,54.6389,-36.2362,-280.096,0.0971001
1560,1560,0,0.712405,0.0522091,0.680078,0.165069,54.8182,-36.1681,-280.019,54.8182,-36.1681,-280.019,0.127832
1568,1568,0,0.707564,0.057457,0.68512,0.16329,54.6505,-35.8843,-279.569,54.6505,-35.8843,-279.569,0.0896321
1576,1576,0,0.70151,0.0624493,0.691002,0.162787,54.7343,-35.9188,-279.385,54.7343,-35.9188,-279.385,0.0912284
1584,1584,0,0.693066,0.0660394,0.69852,0.165434,54.6943,-35.8126,-278.65,54.6943,-35.8126,-278.65,0.085704
1592,1592,0,0.683219,0.0691022,0.707018,0.169008,54.6771,-35.971,-278.295,54.6771,-35.971,-278.295,0.0654397
1600,1600,0,0.671766,0.0706287,0.716155,0.175684,54.749,-36.0686,-277.641,54.749,-36.0686,-277.641,0.0831366
1608,1608,0,0.660022,0.0702838,0.7255,0.18188,54.6023,-36.4494,-277.006,54.6023,-36.4494,-277.006,0.0560944
1616,1616,0,0.647489,0.0710416,0.733666,0.193511,54.7658,-36.5995,-276.66,54.7658,-36.5995,-276.66,0.0699074
1624,1624,0,0.635565,0.069346,0.741391,0.203931,54.4257,-37.1074,-275.846,54.4257,-37.1074,-275.846,0.0500724
1632,1632,0,0.62533,0.0683296,0.745951,0.21875,54.7741,-37.394,-275.839,54.7741,-37.394,-275.839,0.0880566
1640,1640,0,0.618841,0.0632765,0.748962,0.228227,54.2628,-37.8229,-275.206,54.2628,-37.8229,-275.206,0.0784232
1648,1648,0,0.616773,0.0570411,0.748161,0.237894,54.9305,-38.2372,-275.773,54.9305,-38.2372,-275.773,0.0895803
1656,1656,0,0.617146,0.0482564,0.746537,0.243896,54.4814,-38.4335,-275.591,54.4814,-38.4335,-275.591,0.0630082
1664,1664,0,0.619676,0.0370789,0.743193,0.249582,55.0759,-38.9658,-276.578,55.0759,-38.9658,-276.578,0.0810609
1672,1672,0,0.622981,0.0248821,0.739896,0.252647,54.3583,-39.0884,-276.066,54.3583,-39.0884,-276.066,0.0735594
1680,1680,0,0.629248,0.0102296,0.734477,0.253941,55.1999,-39.7339,-277.422,55.1999,-39.7339,-277.422,0.0796689
1688,1688,0,0.635222,-0.00187684,0.729091,0.254784,54.3697,-39.7022,-276.762,54.3697,-39.7022,-276.762,0.0632199
1696,1696,0,0.643336,-0.0126858,0.721545,0.255597,55.3417,-40.3185,-278.232,55.3417,-40.3185,-278.232,0.0918153
1704,1704,0,0.650148,-0.0182603,0.714705,0.257238,54.5238,-39.8255,-277.805,54.5238,-39.8255,-277.805,0.078646
1712,1712,0,0.659098,-0.0239208,0.706826,0.255766,55.4137,-40.7373,-279.309,55.4137,-40.7373,-279.309,0.0936637
1720,1720,0,0.665491,-0.019308,0.69964,0.259331,54.3439,-39.7164,-278.567,54.3439,-39.7164,-278.567,0.0789425
1728,1728,0,0.673906,-0.0180314,0.69245,0.256981,55.2393,-40.6363,-279.912,55.2393,-40.6363,-279.912,0.110841
1736,1736,0,0.680593,-0.00967625,0.686248,0.256445,54.5023,-39.2057,-279.344,54.5023,-39.2057,-279.344,0.0861837
1744,1744,0,0.689062,-0.00694662,0.681381,0.24671,55.1364,-39.9392,-280.625,55.1364,-39.9392,-280.625,0.12589
1752,1752,0,0.695507,0.00174737,0.67765,0.238865,54.476,-38.6327,-280.152,54.476,-38.6327,-280.152,0.0897411
1760,1760,0,0.702591,0.00746712,0.674395,0.226942,55.1415,-39.0946,-280.864,55.1415,-39.0946,-280.864,0.119375
1768,1768,0,0.706788,0.0195684,0.672081,0.219943,54.6995,-37.5398,-280.664,54.6995,-37.5398,-280.664,0.101764
1776,1776,0,0.711133,0.02535,0.67151,0.206691,55.0264,-38.0373,-280.809,55.0264,-38.0373,-280.809,0.135067
1784,1784,0,0.712107,0.0359664,0.672162,0.19952,54.6348,-36.5892,-280.677,54.6348,-36.5892,-280.677,0.0953406
1792,1792,0,0.710924,0.0410697,0.675393,0.19169,54.9243,-37.2538,-280.542,54.9243,-37.2538,-280.542,0.138711
1800,1800,0,0.705145,0.0514053,0.68023,0.19343,54.6816,-36.3537,-280.141,54.6816,-36.3537,-280.141,0.0896033
1808,1808,0,0.697582,0.0575708,0.687024,0.195099,54.7886,-37.1218,-279.429,54.7886,-37.1218,-279.429,0.119483
1816,1816,0,0.68857,0.0673904,0.692781,0.203434,54.7311,-36.2878,-279.222,54.7311,-36.2878,-279.222,0.0898327
1824,1824,0,0.680137,0.0713733,0.699372,0.207842,54.6636,-37.2029,-278.477,54.6636,-37.2029,-278.477,0.112251
1832,1832,0,0.672183,0.0769559,0.703644,0.2171,54.7837,-36.5369,-278.519,54.7837,-36.5369,-278.519,0.0746117
1840,1840,0,0.664662,0.0787749,0.708223,0.22459,54.5924,-37.3305,-277.917,54.5924,-37.3305,-277.917,0.100773
1848,1848,0,0.65838,0.0811817,0.710262,0.23553,54.8348,-37.0115,-278.021,54.8348,-37.0115,-278.021,0.0741862
1856,1856,0,0.652965,0.0775969,0.713332,0.242432,54.5243,-37.9018,-277.511,54.5243,-37.9018,-277.511,0.0955415
1864,1864,0,0.649355,0.0754778,0.712789,0.254113,54.8775,-37.632,-277.821,54.8775,-37.632,-277.821,0.0774074
1872,1872,0,0.645993,0.0702091,0.712767,0.264058,54.4714,-38.4598,-277.533,54.4714,-38.4598,-277.533,0.118223
1880,1880,0,0.645022,0.0645814,0.709815,0.275568,54.9623,-38.5129,-278.199,54.9623,-38.5129,-278.199,0.0702372
1888,1888,0,0.643487,0.0577185,0.707735,0.285841,54.5334,-39.234,-277.895,54.5334,-39.234,-277.895,0.105568
1896,1896,0,0.646037,0.0501686,0.702909,0.293322,55.0739,-39.4935,-278.533,55.0739,-39.4935,-278.533,0.0800362
1904,1904,0,0.64926,0.0436887,0.6984,0.297978,54.5997,-39.5468,-278.482,54.5997,-39.5468,-278.482,0.102675
1912,1912,0,0.656722,0.036709,0.691865,0.297812,55.2947,-39.8825,-279.46,55.2947,-39.8825,-279.46,0.0887367
1920,1920,0,0.663443,0.0335151,0.686261,0.296257,54.5309,-39.653,-279.291,54.5309,-39.653,-279.291,0.0946764
1928,1928,0,0.672646,0.0305284,0.679376,0.291658,55.2424,-39.9261,-280.219,55.2424,-39.9261,-280.219,0.105275
1936,1936,0,0.679399,0.0322118,0.674212,0.287781,54.4469,-39.131,-280.152,54.4469,-39.131,-280.152,0.0945715
1944,1944,0,0.688384,0.0320495,0.668526,0.279595,55.1789,-39.4968,-280.701,55.1789,-39.4968,-280.701,0.112823
1952,1952,0,0.693966,0.0368013,0.665076,0.27337,54.5419,-38.6304,-280.684,54.5419,-38.6304,-280.684,0.126716
1960,1960,0,0.700358,0.0381858,0.662579,0.262736,55.1003,-38.8492,-281.054,55.1003,-38.8492,-281.054,0.102811
1968,1968,0,0.702259,0.0444991,0.662493,0.256817,54.4641,-37.9236,-280.848,54.4641,-37.9236,-280.848,0.113928
1976,1976,0,0.704367,0.0479887,0.663107,0.248703,55.0884,-38.3582,-280.823,55.0884,-38.3582,-280.823,0.1273
1984,1984,0,0.701482,0.059229,0.665401,0.248308,54.4772,-37.3352,-280.45,54.4772,-37.3352,-280.45,0.128882
1992,1992,0,0.698996,0.0674004,0.668222,0.245646,55.0068,-37.889,-280.302,55.0068,-37.889,-280.302,0.146647
2000,2000,0,0.692845,0.0813964,0.671959,0.248621,54.4535,-36.7926,-280.269,54.4535,-36.7926,-280.269,0.116166
2008,2008,0,0.688261,0.0900727,0.675737,0.248119,54.9605,-37.5698,-279.566,54.9605,-37.5698,-279.566,0.116681
2016,2016,0,0.679824,0.104353,0.679289,0.25596,54.5916,-36.507,-279.577,54.5916,-36.507,-279.577,0.112206
2024,2024,0,0.672728,0.110203,0.684287,0.258931,54.7588,-37.3468,-278.727,54.7588,-37.3468,-278.727,0.0963086
2032,2032,0,0.662557,0.119902,0.688182,0.270275,54.6098,-36.411,-278.9,54.6098,-36.411,-278.9,0.10673
2040,2040,0,0.653863,0.121999,0.693979,0.275631,54.7688,-37.6278,-277.914,54.7688,-37.6278,-277.914,0.109724
2048,2048,0,0.642906,0.129954,0.697549,0.288461,54.6826,-36.8033,-278.093,54.6826,-36.8033,-278.093,0.0788753
2056,2056,0,0.634667,0.130904,0.702808,0.293466,54.7095,-38.2162,-277.016,54.7095,-38.2162,-277.016,0.101729
2064,2064,0,0.625496,0.136216,0.705089,0.30504,54.805,-37.191,-277.675,54.805,-37.191,-277.675,0.0765984
2072,2072,0,0.619266,0.134809,0.709027,0.309221,54.6135,-38.5962,-276.495,54.6135,-38.5962,-276.495,0.113877
2080,2080,0,0.612806,0.137854,0.708812,0.321016,54.8268,-37.7631,-277.247,54.8268,-37.7631,-277.247,0.0814348
2088,2088,0,0.610277,0.132709,0.710649,0.323928,54.5786,-39.2277,-276.479,54.5786,-39.2277,-276.479,0.128323
2096,2096,0,0.611079,0.130748,0.70735,0.330369,54.932,-38.1526,-277.373,54.932,-38.1526,-277.373,0.0770448
2104,2104,0,0.615774,0.121846,0.706389,0.327095,54.5415,-39.406,-276.651,54.5415,-39.406,-276.651,0.116079
2112,2112,0,0.622504,0.118754,0.700175,0.328849,54.9494,-38.1751,-277.985,54.9494,-38.1751,-277.985,0.0696161
2120,2120,0,0.632106,0.110195,0.696742,0.320701,54.4255,-39.3805,-277.33,54.4255,-39.3805,-277.33,0.138715
2128,2128,0,0.642073,0.109503,0.688987,0.317881,54.8312,-37.8045,-278.999,54.8312,-37.8045,-278.999,0.0847108
2136,2136,0,0.652291,0.102795,0.686,0.305538,54.3474,-38.9392,-278.103,54.3474,-38.9392,-278.103,0.123343
2144,2144,0,0.66026,0.107306,0.679347,0.30171,54.9093,-37.2962,-279.806,54.9093,-37.2962,-279.806,0.0751712
2152,2152,0,0.666135,0.106783,0.678554,0.290564,54.3563,-38.2135,-278.74,54.3563,-38.2135,-278.74,0.12347
2160,2160,0,0.670157,0.114249,0.675408,0.285766,54.9755,-36.8523,-279.886,54.9755,-36.8523,-279.886,0.0856161
2168,2168,0,0.673046,0.115661,0.67773,0.272604,54.3536,-37.5884,-278.656,54.3536,-37.5884,-278.656,0.107454
2176,2176,0,0.674527,0.124933,0.676488,0.267897,54.9432,-36.2824,-279.623,54.9432,-36.2824,-279.623,0.107278
2184,2184,0,0.676141,0.129226,0.678241,0.257146,54.3885,-36.6824,-278.49,54.3885,-36.6824,-278.49,0.130457
2192,2192,0,0.678619,0.137516,0.676541,0.250716,54.9699,-35.5955,-279.347,54.9699,-35.5955,-279.347,0.09811
2200,2200,0,0.680415,0.139883,0.678697,0.238409,54.4339,-35.9486,-278.326,54.4339,-35.9486,-278.326,0.118064
2208,2208,0,0.68081,0.145672,0.678872,0.233262,54.9661,-35.1436,-279.08,54.9661,-35.1436,-279.08,0.123175
2216,2216,0,0.679436,0.14708,0.682593,0.225392,54.4248,-35.5397,-278.142,54.4248,-35.5397,-278.142,0.107612
2224,2224,0,0.677979,0.152189,0.683408,0.223912,55.0031,-35.0089,-278.514,55.0031,-35.0089,-278.514,0.0998243
2232,2232,0,0.675551,0.153377,0.68716,0.2189,54.4398,-35.1781,-277.952,54.4398,-35.1781,-277.952,0.0813297
2240,2240,0,0.673648,0.156519,0.688531,0.218232,54.9033,-34.8743,-278.114,54.9033,-34.8743,-278.114,0.0863946
2248,2248,0,0.669595,0.158605,0.692212,0.217557,54.4922,-34.9957,-277.545,54.4922,-34.9957,-277.545,0.0903773
2256,2256,0,0.665504,0.162899,0.694101,0.220888,54.9886,-34.8074,-277.727,54.9886,-34.8074,-277.727,0.107186
2264,2264,0,0.65997,0.164478,0.698864,0.221307,54.5038,-35.0235,-277.126,54.5038,-35.0235,-277.126,0.103611
2272,2272,0,0.65506,0.167063,0.701909,0.224299,54.9377,-35.0031,-277.023,54.9377,-35.0031,-277.023,0.0872291
2280,2280,0,0.649183,0.168283,0.706647,0.225593,54.5467,-35.0743,-276.754,54.5467,-35.0743,-276.754,0.0817925
2288,2288,0,0.645001,0.169161,0.709755,0.22717,54.8644,-35.3711,-276.272,54.8644,-35.3711,-276.272,0.0905855
2296,2296,0,0.639716,0.170402,0.713488,0.229481,54.6165,-35.0422,-276.434,54.6165,-35.0422,-276.434,0.0938656
2304,2304,0,0.636873,0.169281,0.716279,0.229524,54.919,-35.5276,-275.917,54.919,-35.5276,-275.917,0.0805881
2312,2312,0,0.632333,0.169468,0.719406,0.232143,54.5653,-35.3434,-276.053,54.5653,-35.3434,-276.053,0.0754777
2320,2320,0,0.629554,0.16702,0.721914,0.233682,54.7972,-35.779,-275.568,54.7972,-35.779,-275.568,0.0824136
2328,2328,0,0.625187,0.16493,0.724636,0.238416,54.5812,-35.628,-275.934,54.5812,-35.628,-275.934,0.0796499
2336,2336,0,0.621938,0.159727,0.726914,0.243469,54.8224,-36.1425,-275.418,54.8224,-36.1425,-275.418,0.0954712
2344,2344,0,0.617936,0.154676,0.729052,0.250426,54.6948,-36.1536,-275.843,54.6948,-36.1536,-275.843,0.0722308
2352,2352,0,0.615565,0.146156,0.731087,0.255403,54.7078,-37.2106,-275.103,54.7078,-37.2106,-275.103,0.0972166
2360,2360,0,0.6124,0.139527,0.73172,0.264736,54.6851,-36.6598,-276.11,54.6851,-36.6598,-276.11,0.0583689
2368,2368,0,0.611568,0.130031,0.732249,0.269978,54.7208,-37.8764,-275.363,54.7208,-37.8764,-275.363,0.107147
2376,2376,0,0.610794,0.124166,0.730724,0.278491,54.7159,-37.229,-276.483,54.7159,-37.229,-276.483,0.0509238
2384,2384,0,0.611705,0.116256,0.729629,0.282743,54.5302,-38.4083,-275.623,54.5302,-38.4083,-275.623,0.112244
2392,2392,0,0.614118,0.111168,0.72602,0.288785,54.6934,-37.7708,-276.865,54.6934,-37.7708,-276.865,0.0562181
2400,2400,0,0.6185,0.103132,0.723151,0.289611,54.5913,-38.8955,-276.169,54.5913,-38.8955,-276.169,0.123049
2408,2408,0,0.624191,0.0981063,0.717709,0.292669,54.8819,-37.8276,-277.693,54.8819,-37.8276,-277.693,0.0501597
2416,2416,0,0.630708,0.0889614,0.714117,0.290396,54.6106,-39.1725,-276.902,54.6106,-39.1725,-276.902,0.117256
2424,2424,0,0.636366,0.0864121,0.707421,0.295173,54.8644,-38.0343,-278.475,54.8644,-38.0343,-278.475,0.0726636
2432,2432,0,0.643146,0.0776106,0.703518,0.292236,54.5491,-39.5197,-277.48,54.5491,-39.5197,-277.48,0.132464
2440,2440,0,0.648819,0.0767723,0.696258,0.29726,54.9042,-38.0993,-279.334,54.9042,-38.0993,-279.334,0.0722924
2448,2448,0,0.65567,0.0681724,0.692241,0.293687,54.5149,-39.7666,-278.071,54.5149,-39.7666,-278.071,0.119915
2456,2456,0,0.66182,0.0694786,0.683911,0.299054,55.0497,-38.1723,-280.056,55.0497,-38.1723,-280.056,0.0751076
2464,2464,0,0.668782,0.0626844,0.679469,0.295168,54.5645,-39.7591,-278.888,54.5645,-39.7591,-278.888,0.133155
2472,2472,0,0.67381,0.0679778,0.671158,0.301505,54.9502,-38.1339,-280.85,54.9502,-38.1339,-280.85,0.0973655
2480,2480,0,0.679063,0.0631886,0.667707,0.29841,54.6118,-39.6423,-279.437,54.6118,-39.6423,-279.437,0.13801
2488,2488,0,0.681048,0.0699533,0.661946,0.305137,55.0145,-38.0832,-281.408,55.0145,-38.0832,-281.408,0.123748
2496,2496,0,0.683562,0.064704,0.661879,0.300787,54.6183,-39.7686,-279.735,54.6183,-39.7686,-279.735,0.139789
2504,2504,0,0.683202,0.0728974,0.657992,0.30817,55.0384,-37.9844,-281.542,55.0384,-37.9844,-281.542,0.127749
2512,2512,0,0.686239,0.068025,0.658887,0.300528,54.6165,-39.6937,-279.748,54.6165,-39.6937,-279.748,0.140854
2520,2520,0,0.687716,0.0767193,0.655119,0.303282,55.0987,-37.593,-281.84,55.0987,-37.593,-281.84,0.126423
2528,2528,0,0.692372,0.0716487,0.656573,0.290517,54.5474,-39.1528,-279.901,54.5474,-39.1528,-279.901,0.124774
2536,2536,0,0.694087,0.0791015,0.653914,0.290486,55.0786,-37.4801,-281.782,55.0786,-37.4801,-281.782,0.124117
2544,2544,0,0.696573,0.076233,0.655744,0.281025,54.58,-38.7554,-280.028,54.58,-38.7554,-280.028,0.135673
2552,2552,0,0.696262,0.0850289,0.653729,0.28395,55.1468,-37.0918,-281.621,55.1468,-37.0918,-281.621,0.144087
2560,2560,0,0.696636,0.0814978,0.657308,0.275684,54.5204,-38.4375,-279.993,54.5204,-38.4375,-279.993,0.124622
2568,2568,0,0.694607,0.0890435,0.656816,0.279617,55.0596,-37.1153,-281.38,55.0596,-37.1153,-281.38,0.126054
2576,2576,0,0.693415,0.0866613,0.660461,0.274696,54.6057,-38.3127,-279.907,54.6057,-38.3127,-279.907,0.137569
2584,2584,0,0.691057,0.0935554,0.660136,0.27912,55.1319,-37.0939,-281.151,55.1319,-37.0939,-281.151,0.110608
2592,2592,0,0.68976,0.0921127,0.663484,0.274838,54.4944,-38.0709,-279.723,54.4944,-38.0709,-279.723,0.1233
2600,2600,0,0.688296,0.098305,0.662613,0.278439,55.0155,-36.9682,-280.813,55.0155,-36.9682,-280.813,0.134875
2608,2608,0,0.688016,0.0967437,0.665347,0.273107,54.4482,-37.8239,-279.646,54.4482,-37.8239,-279.646,0.12397
2616,2616,0,0.687285,0.102302,0.664438,0.275129,54.9985,-36.7888,-280.799,54.9985,-36.7888,-280.799,0.129077
2624,2624,0,0.68777,0.100799,0.666874,0.268497,54.5548,-37.6106,-279.631,54.5548,-37.6106,-279.631,0.125643
2632,2632,0,0.687951,0.105705,0.666032,0.268238,54.9589,-36.7162,-280.373,54.9589,-36.7162,-280.373,0.124643
2640,2640,0,0.688768,0.105523,0.667805,0.261725,54.4776,-37.1873,-279.646,54.4776,-37.1873,-279.646,0.120118
2648,2648,0,0.689816,0.108248,0.667054,0.259759,55.0137,-36.7079,-280.074,55.0137,-36.7079,-280.074,0.133059
2656,2656,0,0.690019,0.108203,0.669006,0.254157,54.5559,-36.9734,-279.647,54.5559,-36.9734,-279.647,0.108112
2664,2664,0,0.690138,0.112416,0.668212,0.254098,54.9285,-36.3768,-280.127,54.9285,-36.3768,-280.127,0.114912
2672,2672,0,0.690571,0.113511,0.669282,0.249575,54.6015,-36.5813,-279.736,54.6015,-36.5813,-279.736,0.121079
2680,2680,0,0.691074,0.117107,0.668443,0.248772,55.0703,-36.1361,-280.007,55.0703,-36.1361,-280.007,0.133301
2688,2688,0,0.690371,0.118304,0.670369,0.244944,54.6766,-36.2495,-279.855,54.6766,-36.2495,-279.855,0.104481
2696,2696,0,0.689125,0.120268,0.671535,0.244303,54.8663,-36.2407,-279.535,54.8663,-36.2407,-279.535,0.105669
2704,2704,0,0.686256,0.123096,0.673844,0.244612,54.5871,-36.0419,-279.561,54.5871,-36.0419,-279.561,0.103011
2712,2712,0,0.683868,0.125119,0.675583,0.245474,54.8357,-36.2641,-279.037,54.8357,-36.2641,-279.037,0.107652
2720,2720,0,0.679548,0.128393,0.678622,0.24739,54.5466,-36.0418,-279.21,54.5466,-36.0418,-279.21,0.0987329
2728,2728,0,0.675774,0.130967,0.681,0.249832,54.7647,-36.3485,-278.603,54.7647,-36.3485,-278.603,0.123889
2736,2736,0,0.671205,0.135409,0.683444,0.253089,54.6457,-35.8807,-279.159,54.6457,-35.8807,-279.159,0.0897893
2744,2744,0,0.669039,0.135594,0.685586,0.252929,54.7959,-36.5736,-278.059,54.7959,-36.5736,-278.059,0.112365
2752,2752,0,0.66578,0.138814,0.687203,0.255385,54.6434,-35.8663,-278.841,54.6434,-35.8663,-278.841,0.0861253
2760,2760,0,0.664035,0.136939,0.689623,0.254417,54.7076,-36.6062,-277.769,54.7076,-36.6062,-277.769,0.118966
2768,2768,0,0.660007,0.139369,0.691365,0.25881,54.6918,-35.8718,-278.754,54.6918,-35.8718,-278.754,0.0910864
2776,2776,0,0.657049,0.137065,0.694116,0.2602,54.628,-36.9105,-277.393,54.628,-36.9105,-277.393,0.10565
2784,2784,0,0.652179,0.13955,0.695319,0.267806,54.6909,-36.1209,-278.54,54.6909,-36.1209,-278.54,0.08383
2792,2792,0,0.64956,0.136349,0.697693,0.269641,54.5797,-37.1883,-277.137,54.5797,-37.1883,-277.137,0.115653
2800,2800,0,0.646353,0.137547,0.698038,0.275775,54.6136,-36.4535,-278.443,54.6136,-36.4535,-278.443,0.0689069
2808,2808,0,0.646206,0.132836,0.699119,0.27569,54.6255,-37.6703,-277.136,54.6255,-37.6703,-277.136,0.116698
2816,2816,0,0.644551,0.133809,0.698282,0.281161,54.7731,-36.7004,-278.444,54.7731,-36.7004,-278.444,0.0677919
2824,2824,0,0.644351,0.129864,0.69922,0.281139,54.6054,-37.7722,-277.046,54.6054,-37.7722,-277.046,0.113702
2832,2832,0,0.642227,0.131633,0.698453,0.287019,54.7769,-36.7414,-278.569,54.7769,-36.7414,-278.569,0.0619285
2840,2840,0,0.640917,0.127886,0.700112,0.2876,54.5279,-38.0068,-277.032,54.5279,-38.0068,-277.032,0.126723
2848,2848,0,0.638653,0.130407,0.69909,0.293918,54.8096,-36.7915,-278.645,54.8096,-36.7915,-278.645,0.0637619
2856,2856,0,0.638726,0.126775,0.700237,0.292617,54.5542,-38.0948,-276.993,54.5542,-38.0948,-276.993,0.136041
