32,32,0,0.0656653,0.731053,-0.128556,0.666876,52.572,-34.9818,-253.603,52.572,-34.9818,-253.603,0.0516232
40,40,0,0.0717928,0.72603,-0.128585,0.671709,52.5962,-34.7564,-254.048,52.5962,-34.7564,-254.048,0.0573135
48,48,0,0.0748982,0.720492,-0.129748,0.677088,52.5701,-34.7972,-254.244,52.5701,-34.7972,-254.244,0.0398753
56,56,0,0.0763926,0.713762,-0.131423,0.683692,52.6229,-34.7529,-254.514,52.6229,-34.7529,-254.514,0.0478715
64,64,0,0.0802547,0.706079,-0.130116,0.691434,52.6304,-34.731,-254.828,52.6304,-34.731,-254.828,0.0433085
72,72,0,0.0847401,0.697793,-0.127503,0.699748,52.4851,-34.4924,-255.333,52.4851,-34.4924,-255.333,0.0450449
80,80,0,0.0906079,0.688463,-0.12383,0.708855,52.5204,-34.4938,-255.906,52.5204,-34.4938,-255.906,0.042759
88,88,0,0.0955989,0.678407,-0.12101,0.718318,52.5619,-34.3161,-256.444,52.5619,-34.3161,-256.444,0.0447714
96,96,0,0.098615,0.668583,-0.117858,0.727586,52.6098,-34.2289,-257.071,52.6098,-34.2289,-257.071,0.0247896
104,104,0,0.100351,0.65985,-0.112752,0.736081,52.5456,-34.3906,-257.452,52.5456,-34.3906,-257.452,0.0312631
112,112,0,0.0975579,0.652632,-0.107555,0.743631,52.5573,-34.5093,-258.046,52.5573,-34.5093,-258.046,0.0203872
120,120,0,0.0928643,0.646513,-0.101189,0.750439,52.6041,-34.9096,-258.109,52.6041,-34.9096,-258.109,0.0239422
128,128,0,0.085924,0.641717,-0.0957161,0.756079,52.5197,-35.0871,-258.671,52.5197,-35.0871,-258.671,0.0112678
136,136,0,0.0789005,0.637756,-0.0888412,0.761019,52.5731,-35.5552,-258.684,52.5731,-35.5552,-258.684,0.0160338
144,144,0,0.0693401,0.635597,-0.0832737,0.764378,52.5831,-35.6547,-259.308,52.5831,-35.6547,-259.308,0.0131436
152,152,0,0.0599021,0.635134,-0.0772245,0.766194,52.5762,-36.3536,-258.804,52.5762,-36.3536,-258.804,0.0179802
160,160,0,0.0460879,0.636828,-0.0749361,0.765971,52.5415,-36.3525,-259.432,52.5415,-36.3525,-259.432,0.0117249
168,168,0,0.0362295,0.638898,-0.0694397,0.765294,52.6183,-37.2745,-258.631,52.6183,-37.2745,-258.631,0.0213324
176,176,0,0.023426,0.641628,-0.0679974,0.763637,52.6025,-37.1214,-259.274,52.6025,-37.1214,-259.274,0.016014
184,184,0,0.0178235,0.644376,-0.0615233,0.762022,52.5756,-37.9347,-258.507,52.5756,-37.9347,-258.507,0.0293087
192,192,0,0.00786784,0.647825,-0.0594748,0.759424,52.6862,-37.6244,-259.295,52.6862,-37.6244,-259.295,0.011792
200,200,0,0.0010734,0.653157,-0.054182,0.755281,52.6418,-38.5072,-258.238,52.6418,-38.5072,-258.238,0.0244434
208,208,0,0.0139154,-0.660179,0.0562805,-0.748867,52.6954,-38.2768,-258.743,52.6954,-38.2768,-258.743,0.0157695
216,216,0,0.0234443,-0.668151,0.0557479,-0.741564,52.6476,-39.1215,-257.576,52.6476,-39.1215,-257.576,0.0324513
224,224,0,0.0366782,-0.676446,0.0602789,-0.733105,52.7385,-38.8532,-258.002,52.7385,-38.8532,-258.002,0.0166877
232,232,0,0.0416513,-0.685551,0.0598173,-0.724366,52.6826,-39.3964,-256.895,52.6826,-39.3964,-256.895,0.0337888
240,240,0,0.046828,-0.694512,0.0610023,-0.71536,52.8199,-39.1579,-257.061,52.8199,-39.1579,-257.061,0.0270583
248,248,0,0.0464096,-0.703842,0.0610693,-0.706204,52.7019,-39.4536,-256.092,52.7019,-39.4536,-256.092,0.0310648
256,256,0,0.0473598,-0.712389,0.06535,-0.697129,52.7969,-39.255,-255.892,52.7969,-39.255,-255.892,0.0376518
264,264,0,0.0457152,-0.720521,0.0705762,-0.688316,52.7382,-39.1819,-255.189,52.7382,-39.1819,-255.189,0.0422237
272,272,0,0.043456,-0.728246,0.0750539,-0.679806,52.8049,-39.053,-254.855,52.8049,-39.053,-254.855,0.0378984
280,280,0,0.0407955,-0.736043,0.0797342,-0.670984,52.7376,-38.8201,-254.368,52.7376,-38.8201,-254.368,0.0457292
288,288,0,0.0362509,-0.743163,0.0831161,-0.662938,52.8022,-38.7405,-253.882,52.8022,-38.7405,-253.882,0.0484187
296,296,0,0.0299766,-0.749335,0.0875438,-0.655694,52.7561,-38.3737,-253.639,52.7561,-38.3737,-253.639,0.0489271
304,304,0,0.0213818,-0.754484,0.0908894,-0.649643,52.7589,-38.1911,-253.127,52.7589,-38.1911,-253.127,0.0534974
312,312,0,0.0113193,-0.758006,0.0949404,-0.645201,52.8474,-37.8201,-252.94,52.8474,-37.8201,-252.94,0.0547628
320,320,0,0.00035023,0.760366,-0.0983845,0.642,52.7681,-37.4564,-252.609,52.7681,-37.4564,-252.609,0.0524529
328,328,0,0.0146566,0.760871,-0.100789,0.640861,52.784,-37.1104,-252.476,52.784,-37.1104,-252.476,0.0476384
336,336,0,0.0309738,0.759301,-0.10202,0.641946,52.7404,-36.6924,-252.287,52.7404,-36.6924,-252.287,0.0529259
344,344,0,0.0487416,0.755609,-0.102798,0.645068,52.8159,-36.0797,-252.653,52.8159,-36.0797,-252.653,0.0538213
352,352,0,0.0652824,0.750528,-0.105056,0.649161,52.7257,-35.5811,-252.704,52.7257,-35.5811,-252.704,0.0483819
360,360,0,0.0783571,0.744876,-0.108702,0.653609,52.7352,-35.0522,-253.048,52.7352,-35.0522,-253.048,0.0488404
368,368,0,0.0902222,0.738989,-0.111034,0.658352,52.6944,-34.8395,-253.041,52.6944,-34.8395,-253.041,0.0499336
376,376,0,0.0996451,0.732523,-0.113542,0.663769,52.7061,-34.4975,-253.561,52.7061,-34.4975,-253.561,0.0557036
384,384,0,0.105937,0.725117,-0.117216,0.670256,52.7167,-34.2678,-253.77,52.7167,-34.2678,-253.77,0.0489803
392,392,0,0.111568,0.716345,-0.120899,0.678075,52.7544,-34.0264,-254.208,52.7544,-34.0264,-254.208,0.0579984
400,400,0,0.117122,0.706694,-0.123202,0.686796,52.6556,-33.7233,-254.926,52.6556,-33.7233,-254.926,0.0519303
408,408,0,0.121416,0.69659,-0.123618,0.696233,52.7224,-33.737,-255.225,52.7224,-33.737,-255.225,0.042287
416,416,0,0.124211,0.687028,-0.121814,0.705497,52.6353,-33.7454,-255.81,52.6353,-33.7454,-255.81,0.0399915
424,424,0,0.12554,0.676555,-0.120758,0.715494,52.5932,-33.7321,-256.387,52.5932,-33.7321,-256.387,0.0479631
432,432,0,0.126127,0.665413,-0.119005,0.726055,52.6623,-33.6778,-257.039,52.6623,-33.6778,-257.039,0.0308141
440,440,0,0.127795,0.654677,-0.114828,0.736126,52.6556,-33.6651,-257.592,52.6556,-33.6651,-257.592,0.0218983
448,448,0,0.129363,0.644377,-0.109272,0.745724,52.6724,-33.7712,-258.158,52.6724,-33.7712,-258.158,0.0127078
456,456,0,0.129797,0.63498,-0.10352,0.754478,52.6824,-33.7591,-258.698,52.6824,-33.7591,-258.698,0.012354
464,464,0,0.129394,0.626897,-0.0968782,0.76215,52.6889,-34.0899,-259.101,52.6889,-34.0899,-259.101,0.0119239
472,472,0,0.127877,0.620453,-0.0902458,0.768467,52.7079,-34.2597,-259.488,52.7079,-34.2597,-259.488,0.00913132
480,480,0,0.126192,0.615538,-0.0829757,0.773501,52.7316,-34.5992,-259.708,52.7316,-34.5992,-259.708,0.011108
488,488,0,0.121788,0.611705,-0.0777444,0.77778,52.7606,-34.8412,-259.855,52.7606,-34.8412,-259.855,0.0188504
496,496,0,0.116102,0.608965,-0.073014,0.78125,52.7552,-35.0601,-260.038,52.7552,-35.0601,-260.038,0.0187199
504,504,0,0.10956,0.607391,-0.0670434,0.783951,52.7291,-35.4448,-260.067,52.7291,-35.4448,-260.067,0.0244368
512,512,0,0.102122,0.60678,-0.0609528,0.785922,52.7623,-35.7738,-260.238,52.7623,-35.7738,-260.238,0.0206723
520,520,0,0.0939334,0.606458,-0.0560336,0.787557,52.7715,-35.9872,-260.317,52.7715,-35.9872,-260.317,0.0136889
528,528,0,0.0868385,0.606699,-0.050622,0.788551,52.8225,-36.3958,-260.377,52.8225,-36.3958,-260.377,0.0262598
536,536,0,0.078438,0.608613,-0.0452392,0.788284,52.7996,-36.7088,-260.331,52.7996,-36.7088,-260.331,0.022377
544,544,0,0.0668728,0.612838,-0.0413619,0.786287,52.7654,-36.9207,-260.399,52.7654,-36.9207,-260.399,0.0163471
552,552,0,0.0545342,0.619313,-0.0341388,0.782504,52.7041,-37.6049,-259.827,52.7041,-37.6049,-259.827,0.0199974
560,560,0,0.0393907,0.627307,-0.0287388,0.777244,52.7954,-37.7258,-259.832,52.7954,-37.7258,-259.832,0.023603
568,568,0,0.0246948,0.636624,-0.0225513,0.770449,52.7439,-38.5908,-259.165,52.7439,-38.5908,-259.165,0.0257779
576,576,0,0.00620333,0.646961,-0.0208411,0.762214,52.8527,-38.8454,-259.04,52.8527,-38.8454,-259.04,0.0163228
584,584,0,0.00880899,-0.657418,0.0178743,-0.753262,52.7165,-39.6928,-258.248,52.7165,-39.6928,-258.248,0.0126375
592,592,0,0.0231759,-0.666558,0.0188136,-0.744856,52.9308,-39.5226,-258.112,52.9308,-39.5226,-258.112,0.0196607
600,600,0,0.0310367,-0.675556,0.0180554,-0.736434,52.7663,-39.985,-257.621,52.7663,-39.985,-257.621,0.021032
608,608,0,0.0393884,-0.684172,0.0190031,-0.728008,53.1203,-39.8499,-257.399,53.1203,-39.8499,-257.399,0.0358293
616,616,0,0.0427268,-0.693664,0.0175158,-0.718817,52.91,-40.3281,-256.667,52.91,-40.3281,-256.667,0.0272319
624,624,0,0.0496828,-0.703556,0.0203588,-0.708609,53.1079,-40.0569,-256.418,53.1079,-40.0569,-256.418,0.051745
632,632,0,0.0554527,-0.714123,0.0254276,-0.697357,52.9567,-40.3176,-255.722,52.9567,-40.3176,-255.722,0.0426958
640,640,0,0.0595539,-0.724027,0.031175,-0.686488,53.1084,-40.2557,-255.274,53.1084,-40.2557,-255.274,0.0493728
648,648,0,0.0612026,-0.733308,0.0376128,-0.676091,53.0617,-40.1239,-254.738,53.0617,-40.1239,-254.738,0.0432716
656,656,0,0.0612418,-0.74287,0.042316,-0.665284,53.1268,-40.0942,-254.357,53.1268,-40.0942,-254.357,0.0545786
664,664,0,0.0621111,-0.752107,0.04972,-0.654221,53.08,-39.8829,-253.745,53.08,-39.8829,-253.745,0.052159
672,672,0,0.0605516,-0.760749,0.0559029,-0.643793,53.2174,-39.8987,-253.276,53.2174,-39.8987,-253.276,0.050467
680,680,0,0.0594287,-0.768027,0.0647516,-0.634358,53.2249,-39.4883,-252.732,53.2249,-39.4883,-252.732,0.0480633
688,688,0,0.0524778,-0.773851,0.0699708,-0.627301,53.1328,-39.4985,-252.381,53.1328,-39.4985,-252.381,0.0484321
696,696,0,0.0439843,-0.776799,0.0769973,-0.623474,53.1525,-38.8916,-252.004,53.1525,-38.8916,-252.004,0.0573912
704,704,0,0.031264,-0.778484,0.0811574,-0.62161,53.0574,-38.7559,-251.981,53.0574,-38.7559,-251.981,0.0482998
712,712,0,0.0208609,-0.778769,0.0877466,-0.620793,53.1228,-38.1026,-251.659,53.1228,-38.1026,-251.659,0.0434162
720,720,0,0.0090049,-0.778695,0.0936983,-0.620301,52.9565,-38.036,-251.568,52.9565,-38.036,-251.568,0.0489522
728,728,0,0.00199196,0.775868,-0.102927,0.622439,52.9935,-37.3132,-251.559,52.9935,-37.3132,-251.559,0.0509177
736,736,0,0.0193522,0.771483,-0.106984,0.626892,52.8881,-36.8439,-251.807,52.8881,-36.8439,-251.807,0.0507427
744,744,0,0.0384862,0.765635,-0.108965,0.63281,52.8853,-36.1873,-251.967,52.8853,-36.1873,-251.967,0.0468592
752,752,0,0.0557982,0.759467,-0.111577,0.638472,52.7547,-35.7118,-252.285,52.7547,-35.7118,-252.285,0.0446503
760,760,0,0.07099,0.751987,-0.115369,0.645109,52.8149,-35.1502,-252.439,52.8149,-35.1502,-252.439,0.0474925
768,768,0,0.0881959,0.743285,-0.116641,0.652797,52.7186,-34.7543,-252.957,52.7186,-34.7543,-252.957,0.0548302
776,776,0,0.102915,0.733209,-0.118328,0.661673,52.7084,-34.2656,-253.403,52.7084,-34.2656,-253.403,0.0480535
784,784,0,0.114776,0.72273,-0.119231,0.671023,52.7347,-34.0092,-253.915,52.7347,-34.0092,-253.915,0.0453787
792,792,0,0.125403,0.711834,-0.118403,0.680843,52.7791,-33.8136,-254.384,52.7791,-33.8136,-254.384,0.0533389
800,800,0,0.134039,0.700762,-0.116666,0.690909,52.7386,-33.5179,-255.139,52.7386,-33.5179,-255.139,0.0445233
808,808,0,0.139584,0.690087,-0.113753,0.700969,52.7174,-33.4217,-255.559,52.7174,-33.4217,-255.559,0.0461202
816,816,0,0.139344,0.680783,-0.110649,0.710545,52.6722,-33.3597,-256.348,52.6722,-33.3597,-256.348,0.0381458
824,824,0,0.136208,0.673165,-0.106093,0.719056,52.6605,-33.6081,-256.668,52.6605,-33.6081,-256.668,0.0362018
832,832,0,0.129907,0.668134,-0.100396,0.725702,52.6141,-33.8912,-257.096,52.6141,-33.8912,-257.096,0.027848
840,840,0,0.121477,0.66561,-0.0933324,0.730408,52.5736,-34.2532,-257.238,52.5736,-34.2532,-257.238,0.0371406
848,848,0,0.111013,0.665548,-0.0855148,0.733082,52.507,-34.7693,-257.49,52.507,-34.7693,-257.49,0.0258915
856,856,0,0.0998792,0.667668,-0.0784732,0.733544,52.5349,-35.161,-257.425,52.5349,-35.161,-257.425,0.02928
864,864,0,0.0873033,0.672281,-0.073351,0.731461,52.4925,-35.6199,-257.254,52.4925,-35.6199,-257.254,0.0240367
872,872,0,0.0729045,0.679421,-0.0705146,0.726704,52.4758,-36.0702,-256.906,52.4758,-36.0702,-256.906,0.031744
880,880,0,0.0600725,0.687523,-0.0701023,0.72027,52.4676,-36.5474,-256.45,52.4676,-36.5474,-256.45,0.0265083
888,888,0,0.0497917,0.696134,-0.0713936,0.712615,52.4608,-36.7072,-256.147,52.4608,-36.7072,-256.147,0.0375309
896,896,0,0.0431414,0.7044,-0.0740509,0.704611,52.4228,-36.9263,-255.454,52.4228,-36.9263,-255.454,0.0371271
904,904,0,0.0400994,0.712447,-0.0774472,0.696285,52.4707,-36.961,-255.207,52.4707,-36.961,-255.207,0.0533947
912,912,0,0.0426618,0.718713,-0.0814264,0.689204,52.5376,-36.7949,-254.603,52.5376,-36.7949,-254.603,0.0527936
920,920,0,0.0527814,0.723086,-0.0839479,0.683604,52.521,-36.5767,-254.503,52.521,-36.5767,-254.503,0.0575531
928,928,0,0.0643682,0.725213,-0.0881405,0.679819,52.6243,-35.979,-254.145,52.6243,-35.979,-254.145,0.0440265
936,936,0,0.0786108,0.72662,-0.0906804,0.676477,52.6223,-35.6653,-254.113,52.6223,-35.6653,-254.113,0.0575976
944,944,0,0.0924329,0.726411,-0.0932582,0.6746,52.6814,-35.1451,-253.868,52.6814,-35.1451,-253.868,0.0459587
952,952,0,0.107185,0.724488,-0.093536,0.674448,52.6894,-34.7487,-254.115,52.6894,-34.7487,-254.115,0.0447512
960,960,0,0.118916,0.719995,-0.0947692,0.677115,52.7054,-34.4655,-254.043,52.7054,-34.4655,-254.043,0.0534469
968,968,0,0.126118,0.713976,-0.0962727,0.681956,52.7225,-34.0785,-254.583,52.7225,-34.0785,-254.583,0.0474691
976,976,0,0.130782,0.707247,-0.0953214,0.688194,52.7277,-34.1523,-254.579,52.7277,-34.1523,-254.579,0.0396885
984,984,0,0.133448,0.700091,-0.093257,0.695247,52.6683,-34.1159,-255.206,52.6683,-34.1159,-255.206,0.0471629
992,992,0,0.13525,0.692162,-0.089824,0.703243,52.6601,-34.1305,-255.649,52.6601,-34.1305,-255.649,0.0502666
1000,1000,0,0.134301,0.684695,-0.0864478,0.711113,52.605,-34.0757,-256.337,52.605,-34.0757,-256.337,0.0308315
1008,1008,0,0.131505,0.678922,-0.0810478,0.717777,52.5446,-34.3202,-256.443,52.5446,-34.3202,-256.443,0.0423308
1016,1016,0,0.124249,0.675249,-0.0754003,0.723129,52.5016,-34.6133,-256.941,52.5016,-34.6133,-256.941,0.0272119
1024,1024,0,0.115177,0.673021,-0.0688477,0.727349,52.5632,-35.1372,-256.917,52.5632,-35.1372,-256.917,0.0273952
1032,1032,0,0.103529,0.672613,-0.0631032,0.729995,52.4176,-35.587,-257.188,52.4176,-35.587,-257.188,0.0253424
1040,1040,0,0.0894259,0.673823,-0.0585588,0.73112,52.4238,-35.8138,-257.095,52.4238,-35.8138,-257.095,0.0279983
1048,1048,0,0.0756709,0.677301,-0.0536624,0.729834,52.4099,-36.5311,-257.051,52.4099,-36.5311,-257.051,0.0203492
1056,1056,0,0.0598574,0.683225,-0.0516813,0.725913,52.5669,-36.7339,-256.772,52.5669,-36.7339,-256.772,0.0411226
1064,1064,0,0.0451382,0.691473,-0.0508857,0.719194,52.3955,-37.289,-256.505,52.3955,-37.289,-256.505,0.0285711
1072,1072,0,0.0329801,0.699953,-0.0525915,0.711486,52.5247,-37.5879,-255.944,52.5247,-37.5879,-255.944,0.0397351
1080,1080,0,0.0258914,0.708223,-0.0554676,0.70333,52.4733,-37.7824,-255.523,52.4733,-37.7824,-255.523,0.0411123
1088,1088,0,0.0239941,0.715098,-0.058678,0.696144,52.5861,-37.7429,-255.062,52.5861,-37.7429,-255.062,0.036522
1096,1096,0,0.0257276,0.720762,-0.0622951,0.689899,52.5802,-37.6261,-254.816,52.5802,-37.6261,-254.816,0.0395333
1104,1104,0,0.0285369,0.725488,-0.0666827,0.684403,52.6044,-37.5055,-254.583,52.6044,-37.5055,-254.583,0.0442413
1112,1112,0,0.031491,0.729114,-0.0712379,0.679946,52.5934,-37.2267,-254.318,52.5934,-37.2267,-254.318,0.0447753
1120,1120,0,0.0379454,0.730594,-0.0738107,0.677749,52.6223,-37.1161,-254.121,52.6223,-37.1161,-254.121,0.0544085
1128,1128,0,0.044825,0.728959,-0.0766161,0.678779,52.6482,-36.742,-254.14,52.6482,-36.742,-254.14,0.043109
1136,1136,0,0.0526662,0.725165,-0.077631,0.682155,52.5831,-36.5602,-254.549,52.5831,-36.5602,-254.549,0.047855
1144,1144,0,0.0584966,0.719867,-0.0773342,0.687305,52.5593,-36.3784,-254.544,52.5593,-36.3784,-254.544,0.0370405
1152,1152,0,0.0648675,0.713679,-0.0740075,0.693525,52.5191,-36.3873,-255.007,52.5191,-36.3873,-255.007,0.0426819
1160,1160,0,0.0677606,0.706277,-0.0714529,0.701054,52.5987,-36.1101,-255.348,52.5987,-36.1101,-255.348,0.044447
1168,1168,0,0.0696325,0.698808,-0.0672722,0.708726,52.5321,-36.2906,-255.971,52.5321,-36.2906,-255.971,0.0416392
1176,1176,0,0.068409,0.691621,-0.0635232,0.716202,52.5386,-36.2764,-256.183,52.5386,-36.2764,-256.183,0.0375343
1184,1184,0,0.064852,0.686079,-0.0587553,0.722245,52.4857,-36.4827,-256.822,52.4857,-36.4827,-256.822,0.0259379
1192,1192,0,0.057174,0.68284,-0.0546718,0.726273,52.5183,-36.63,-256.813,52.5183,-36.63,-256.813,0.0394479
1200,1200,0,0.0479119,0.683121,-0.04908,0.727078,52.3862,-37.2492,-257.158,52.3862,-37.2492,-257.158,0.0271536
1208,1208,0,0.0353528,0.686356,-0.0457891,0.724961,52.5934,-37.3835,-256.764,52.5934,-37.3835,-256.764,0.0402978
1216,1216,0,0.0232236,0.693143,-0.0445238,0.719049,52.429,-38.176,-256.662,52.429,-38.176,-256.662,0.0229487
1224,1224,0,0.0103103,0.700907,-0.0495192,0.711457,52.6106,-38.1915,-256.008,52.6106,-38.1915,-256.008,0.0430309
1232,1232,0,0.00690066,0.708668,-0.0540249,0.703437,52.4535,-38.5636,-255.676,52.4535,-38.5636,-255.676,0.0520513
1240,1240,0,0.00765732,0.714722,-0.0610079,0.6967,52.5996,-37.8583,-255.292,52.5996,-37.8583,-255.292,0.0516189
1248,1248,0,0.0150122,0.720641,-0.0655196,0.690042,52.5766,-37.8597,-255.127,52.5766,-37.8597,-255.127,0.0450432
1256,1256,0,0.0203281,0.726576,-0.0718286,0.683019,52.6561,-37.3334,-254.501,52.6561,-37.3334,-254.501,0.0549515
1264,1264,0,0.0292937,0.731636,-0.0760336,0.676809,52.6051,-37.3433,-254.212,52.6051,-37.3433,-254.212,0.0511396
1272,1272,0,0.0403032,0.734625,-0.0796114,0.672579,52.5898,-36.8767,-253.826,52.5898,-36.8767,-253.826,0.0467561
1280,1280,0,0.0540174,0.735249,-0.0816202,0.670694,52.6498,-36.576,-253.8,52.6498,-36.576,-253.8,0.0464115
1288,1288,0,0.068085,0.732998,-0.083455,0.671649,52.6821,-36.0942,-253.728,52.6821,-36.0942,-253.728,0.0532681
1296,1296,0,0.0819186,0.727665,-0.0856587,0.675615,52.6242,-35.5239,-254.123,52.6242,-35.5239,-254.123,0.0481832
1304,1304,0,0.0951386,0.720166,-0.0869265,0.681728,52.5817,-35.2562,-254.318,52.5817,-35.2562,-254.318,0.0511817
1312,1312,0,0.104771,0.711143,-0.0886218,0.689525,52.6232,-34.7988,-254.886,52.6232,-34.7988,-254.886,0.0515974
1320,1320,0,0.111523,0.702126,-0.0887721,0.69764,52.5539,-34.6532,-255.416,52.5539,-34.6532,-255.416,0.0516034
1328,1328,0,0.114726,0.693246,-0.0884854,0.705987,52.587,-34.5681,-255.939,52.587,-34.5681,-255.939,0.0366436
1336,1336,0,0.116079,0.685696,-0.0864531,0.713353,52.4824,-34.5961,-256.334,52.4824,-34.5961,-256.334,0.0315258
1344,1344,0,0.114176,0.679497,-0.0833802,0.719927,52.5463,-34.7627,-256.519,52.5463,-34.7627,-256.519,0.0423657
1352,1352,0,0.108236,0.67564,-0.0796918,0.724876,52.4662,-34.9156,-256.981,52.4662,-34.9156,-256.981,0.0248458
1360,1360,0,0.100618,0.673655,-0.0750511,0.728308,52.507,-35.2455,-257.107,52.507,-35.2455,-257.107,0.0310618
1368,1368,0,0.0912788,0.674031,-0.0703415,0.729659,52.4331,-35.6069,-257.18,52.4331,-35.6069,-257.18,0.0254738
1376,1376,0,0.0786536,0.676582,-0.067247,0.72906,52.4541,-35.8635,-257.095,52.4541,-35.8635,-257.095,0.0231254
1384,1384,0,0.0652948,0.681305,-0.0649833,0.72618,52.4146,-36.4339,-257.061,52.4146,-36.4339,-257.061,0.0227277
1392,1392,0,0.0516923,0.687235,-0.0639793,0.721764,52.5102,-36.7019,-256.68,52.5102,-36.7019,-256.68,0.0282283
1400,1400,0,0.0405883,0.694307,-0.0626646,0.715796,52.5121,-37.2304,-256.363,52.5121,-37.2304,-256.363,0.0376928
1408,1408,0,0.0298444,0.701607,-0.063393,0.70911,52.5411,-37.3374,-255.874,52.5411,-37.3374,-255.874,0.0437507
1416,1416,0,0.0239214,0.708549,-0.0634849,0.702393,52.5473,-37.6402,-255.702,52.5473,-37.6402,-255.702,0.0524256
1424,1424,0,0.0169334,0.715486,-0.0657527,0.69532,52.5796,-37.457,-255.297,52.5796,-37.457,-255.297,0.0472887
1432,1432,0,0.013468,0.722802,-0.0658404,0.687779,52.5688,-37.8792,-254.907,52.5688,-37.8792,-254.907,0.0450849
1440,1440,0,0.00884902,0.730251,-0.0668078,0.679847,52.556,-37.7916,-254.465,52.556,-37.7916,-254.465,0.053494
1448,1448,0,0.0074556,0.736485,-0.0672265,0.673064,52.6387,-38.1181,-254.103,52.6387,-38.1181,-254.103,0.0516766
1456,1456,0,0.00573272,0.741009,-0.0698695,0.667826,52.6468,-37.7423,-253.878,52.6468,-37.7423,-253.878,0.0504994
1464,1464,0,0.00981346,0.743464,-0.0702313,0.665006,52.6908,-37.9251,-253.708,52.6908,-37.9251,-253.708,0.0491826
1472,1472,0,0.0110785,0.744701,-0.0727337,0.66333,52.686,-37.5107,-253.694,52.686,-37.5107,-253.694,0.0448913
1480,1480,0,0.0175367,0.743676,-0.0727703,0.664336,52.7262,-37.716,-253.493,52.7262,-37.716,-253.493,0.047627
1488,1488,0,0.0236916,0.740573,-0.0735102,0.667523,52.6358,-37.3286,-253.742,52.6358,-37.3286,-253.742,0.0488539
1496,1496,0,0.0313475,0.735241,-0.0728941,0.673145,52.7231,-37.2734,-254.007,52.7231,-37.2734,-254.007,0.0543125
1504,1504,0,0.0352616,0.729339,-0.0732649,0.679304,52.6446,-36.985,-254.332,52.6446,-36.985,-254.332,0.0498866
1512,1512,0,0.0406612,0.722382,-0.0713434,0.686601,52.6836,-36.9153,-254.766,52.6836,-36.9153,-254.766,0.0586888
1520,1520,0,0.0437129,0.715542,-0.0690885,0.693769,52.5467,-36.7206,-255.257,52.5467,-36.7206,-255.257,0.0419345
1528,1528,0,0.0459758,0.708684,-0.0664316,0.700885,52.5331,-36.8379,-255.515,52.5331,-36.8379,-255.515,0.0396276
1536,1536,0,0.0457281,0.702326,-0.0649555,0.70741,52.4944,-36.8083,-255.859,52.4944,-36.8083,-255.859,0.0436037
1544,1544,0,0.0460827,0.695896,-0.0630957,0.71388,52.5305,-36.8689,-256.269,52.5305,-36.8689,-256.269,0.0336494
1552,1552,0,0.0450649,0.69118,-0.0605036,0.718734,52.4489,-36.9809,-256.587,52.4489,-36.9809,-256.587,0.0286542
1560,1560,0,0.041695,0.688436,-0.0581536,0.721759,52.4575,-37.0397,-256.683,52.4575,-37.0397,-256.683,0.0340734
1568,1568,0,0.036359,0.689106,-0.055229,0.721637,52.4456,-37.2579,-256.805,52.4456,-37.2579,-256.805,0.0299778
1576,1576,0,0.0298562,0.693049,-0.0521892,0.718379,52.4932,-37.4709,-256.609,52.4932,-37.4709,-256.609,0.0315159
1584,1584,0,0.0227433,0.699752,-0.0516026,0.712157,52.5115,-37.7317,-256.345,52.5115,-37.7317,-256.345,0.0388275
1592,1592,0,0.0155769,0.70788,-0.052965,0.704172,52.5321,-37.9674,-255.739,52.5321,-37.9674,-255.739,0.0368043
1600,1600,0,0.00996796,0.716081,-0.0554551,0.695739,52.6609,-38.177,-255.334,52.6609,-38.177,-255.334,0.0407949
1608,1608,0,0.00780851,0.723153,-0.0580622,0.688199,52.6256,-38.1237,-254.776,52.6256,-38.1237,-254.776,0.0592364
1616,1616,0,0.00992528,0.728191,-0.0607277,0.682607,52.6925,-38.0714,-254.685,52.6925,-38.0714,-254.685,0.0451287
1624,1624,0,0.0142349,0.732037,-0.0639555,0.678107,52.6218,-37.7465,-254.341,52.6218,-37.7465,-254.341,0.0554534
1632,1632,0,0.0220651,0.734114,-0.0660819,0.675443,52.7573,-37.6188,-254.172,52.7573,-37.6188,-254.172,0.0470248
1640,1640,0,0.0328916,0.734543,-0.067635,0.674382,52.5959,-37.1544,-254.137,52.5959,-37.1544,-254.137,0.0480837
1648,1648,0,0.042869,0.732958,-0.0699933,0.675305,52.7401,-36.8137,-254.137,52.7401,-36.8137,-254.137,0.0461231
1656,1656,0,0.049978,0.730386,-0.0727145,0.677312,52.5707,-36.6399,-254.112,52.5707,-36.6399,-254.112,0.051373
1664,1664,0,0.0565868,0.725375,-0.0751266,0.681898,52.6508,-36.4842,-254.329,52.6508,-36.4842,-254.329,0.0473109
1672,1672,0,0.0635136,0.71897,-0.0752851,0.688027,52.5361,-36.2707,-254.691,52.5361,-36.2707,-254.691,0.0462531
1680,1680,0,0.0695043,0.710876,-0.0743912,0.69591,52.6235,-36.0122,-255.264,52.6235,-36.0122,-255.264,0.0469483
1688,1688,0,0.0736135,0.702376,-0.0727201,0.704245,52.4922,-35.9619,-255.665,52.4922,-35.9619,-255.665,0.0379911
1696,1696,0,0.0757111,0.69351,-0.0713042,0.712901,52.5334,-35.9203,-256.238,52.5334,-35.9203,-256.238,0.0334411
1704,1704,0,0.0774911,0.685519,-0.0679729,0.720721,52.4379,-35.9568,-256.636,52.4379,-35.9568,-256.636,0.0298835
1712,1712,0,0.0767173,0.679143,-0.0637774,0.727195,52.4715,-36.02,-257.025,52.4715,-36.02,-257.025,0.0288485
1720,1720,0,0.0723243,0.675995,-0.0585712,0.731006,52.3572,-36.2865,-257.205,52.3572,-36.2865,-257.205,0.0281556
1728,1728,0,0.0658427,0.674878,-0.0541856,0.732986,52.4887,-36.592,-257.34,52.4887,-36.592,-257.34,0.0317195
1736,1736,0,0.0587122,0.675919,-0.0517233,0.73281,52.4328,-36.7563,-257.448,52.4328,-36.7563,-257.448,0.0364096
1744,1744,0,0.0533215,0.677722,-0.0510543,0.731603,52.4497,-37.037,-257.146,52.4497,-37.037,-257.146,0.0323913
1752,1752,0,0.0490001,0.680462,-0.0522093,0.729277,52.4397,-37.0561,-257.126,52.4397,-37.0561,-257.126,0.0290682
1760,1760,0,0.0475759,0.682816,-0.0536409,0.727064,52.5426,-37.1455,-256.882,52.5426,-37.1455,-256.882,0.0320853
1768,1768,0,0.0473064,0.685162,-0.0553019,0.724747,52.5402,-37.0069,-256.942,52.5402,-37.0069,-256.942,0.0193377
1776,1776,0,0.049789,0.687202,-0.0553508,0.722641,52.5331,-37.1532,-256.532,52.5331,-37.1532,-256.532,0.0461907
1784,1784,0,0.0481448,0.689843,-0.0576037,0.720056,52.5541,-36.8623,-256.716,52.5541,-36.8623,-256.716,0.0299373
1792,1792,0,0.0459833,0.693561,-0.058814,0.71652,52.4409,-37.0154,-256.318,52.4409,-37.0154,-256.318,0.0391218
1800,1800,0,0.0399713,0.697973,-0.0611795,0.712385,52.5339,-37.1023,-256.244,52.5339,-37.1023,-256.244,0.0391167
1808,1808,0,0.0345011,0.701778,-0.0628326,0.708781,52.5136,-37.388,-255.739,52.5136,-37.388,-255.739,0.0504542
1816,1816,0,0.030183,0.703554,-0.0651314,0.707007,52.6317,-37.2706,-255.856,52.6317,-37.2706,-255.856,0.0329075
1824,1824,0,0.0301855,0.703787,-0.065316,0.706758,52.4979,-37.3389,-255.787,52.4979,-37.3389,-255.787,0.0488288
1832,1832,0,0.0303811,0.70242,-0.0662096,0.708025,52.6722,-37.0994,-256.035,52.6722,-37.0994,-256.035,0.0405847
1840,1840,0,0.0321018,0.701411,-0.0655643,0.709008,52.4052,-37.1267,-256.039,52.4052,-37.1267,-256.039,0.0459769
1848,1848,0,0.0319965,0.699844,-0.0659581,0.710524,52.6241,-37.0396,-256.222,52.6241,-37.0396,-256.222,0.0250674
1856,1856,0,0.0325007,0.699492,-0.0642967,0.711,52.4254,-37.269,-256.062,52.4254,-37.269,-256.062,0.0358156
1864,1864,0,0.0317704,0.6988,-0.0644876,0.711696,52.6045,-37.2614,-256.148,52.6045,-37.2614,-256.148,0.0426734
1872,1872,0,0.0319777,0.69854,-0.0649213,0.711902,52.4327,-37.1788,-256.157,52.4327,-37.1788,-256.157,0.0422663
1880,1880,0,0.0338102,0.697773,-0.0656545,0.712502,52.6377,-37.1845,-256.16,52.6377,-37.1845,-256.16,0.0346569
1888,1888,0,0.035123,0.697961,-0.0666429,0.712163,52.4561,-37.1005,-256.139,52.4561,-37.1005,-256.139,0.0341852
1896,1896,0,0.0374952,0.697569,-0.0679398,0.712303,52.5902,-37.1075,-256.201,52.5902,-37.1075,-256.201,0.0338841
1904,1904,0,0.0400826,0.697623,-0.0691945,0.711989,52.4294,-36.9735,-256.043,52.4294,-36.9735,-256.043,0.035383
1912,1912,0,0.043579,0.697258,-0.0707474,0.711988,52.5713,-36.687,-256.192,52.5713,-36.687,-256.192,0.0405055
1920,1920,0,0.0478238,0.697581,-0.0708985,0.711384,52.4531,-36.7489,-255.989,52.4531,-36.7489,-255.989,0.0365594
1928,1928,0,0.0508303,0.697488,-0.071993,0.711157,52.5238,-36.6089,-256.118,52.5238,-36.6089,-256.118,0.0335288
1936,1936,0,0.0538253,0.697283,-0.0721961,0.711117,52.4789,-36.6053,-255.921,52.4789,-36.6053,-255.921,0.0320672
1944,1944,0,0.0561976,0.696701,-0.0728246,0.71144,52.5342,-36.4206,-256.089,52.5342,-36.4206,-256.089,0.040288
1952,1952,0,0.0573227,0.69655,-0.0727615,0.711504,52.4844,-36.346,-256.122,52.4844,-36.346,-256.122,0.0356708
1960,1960,0,0.0582399,0.69634,-0.0722823,0.711684,52.5145,-36.4633,-255.998,52.5145,-36.4633,-255.998,0.0380699
1968,1968,0,0.0569823,0.696518,-0.0725072,0.711589,52.5107,-36.4116,-256.065,52.5107,-36.4116,-256.065,0.0359207
1976,1976,0,0.0559297,0.697003,-0.07275,0.711172,52.4051,-36.4481,-256.146,52.4051,-36.4481,-256.146,0.0377559
1984,1984,0,0.0544275,0.69734,-0.0732,0.710913,52.4877,-36.3897,-256.067,52.4877,-36.3897,-256.067,0.0320733
1992,1992,0,0.0544119,0.697445,-0.0728946,0.710842,52.5905,-36.4515,-256.345,52.5905,-36.4515,-256.345,0.0523128
2000,2000,0,0.0528276,0.698417,-0.0741747,0.709874,52.5211,-36.3523,-256.066,52.5211,-36.3523,-256.066,0.0406016
2008,2008,0,0.0525133,0.699058,-0.0737605,0.709309,52.4594,-36.5245,-255.893,52.4594,-36.5245,-255.893,0.0367613
2016,2016,0,0.0516843,0.699165,-0.0738878,0.709252,52.5591,-36.4986,-255.938,52.5591,-36.4986,-255.938,0.0402719
2024,2024,0,0.0527369,0.698811,-0.0730374,0.709611,52.4068,-36.6897,-255.867,52.4068,-36.6897,-255.867,0.0443948
2032,2032,0,0.0520549,0.697727,-0.0741355,0.710614,52.4858,-36.3867,-256.093,52.4858,-36.3867,-256.093,0.0405047
2040,2040,0,0.0528131,0.697017,-0.073656,0.711304,52.3056,-36.4649,-256.103,52.3056,-36.4649,-256.103,0.03876
2048,2048,0,0.0524422,0.69599,-0.0740927,0.712291,52.5341,-36.3524,-256.207,52.5341,-36.3524,-256.207,0.0390074
2056,2056,0,0.0533199,0.695714,-0.0730583,0.712602,52.4125,-36.57,-256.142,52.4125,-36.57,-256.142,0.0454518
2064,2064,0,0.0522716,0.695324,-0.0732672,0.713039,52.5329,-36.5021,-256.253,52.5329,-36.5021,-256.253,0.03595
2072,2072,0,0.0520413,0.695278,-0.0721034,0.71322,52.4296,-36.6286,-256.056,52.4296,-36.6286,-256.056,0.042171
2080,2080,0,0.0511245,0.694622,-0.0720388,0.713931,52.5204,-36.5396,-256.205,52.5204,-36.5396,-256.205,0.0322681
2088,2088,0,0.0525784,0.694003,-0.0703876,0.714592,52.4197,-36.5896,-256.249,52.4197,-36.5896,-256.249,0.0387071
