32,32,0,0.653678,0.161369,0.716431,0.182732,52.6377,-34.9108,-266.984,52.6377,-34.9108,-266.984,0.0401138
40,40,0,0.653496,0.170145,0.715621,0.178554,52.4908,-34.3836,-267.062,52.4908,-34.3836,-267.062,0.059632
48,48,0,0.653993,0.177292,0.714684,0.173457,52.6386,-34.2129,-266.85,52.6386,-34.2129,-266.85,0.0403604
56,56,0,0.653453,0.182719,0.715435,0.166628,52.4836,-33.5599,-266.906,52.4836,-33.5599,-266.906,0.0632531
64,64,0,0.652342,0.186322,0.717015,0.160075,52.7635,-33.7949,-266.55,52.7635,-33.7949,-266.55,0.0340993
72,72,0,0.649164,0.190503,0.720031,0.154432,52.5607,-33.3734,-266.368,52.5607,-33.3734,-266.368,0.0790285
80,80,0,0.645648,0.196618,0.721835,0.153084,53.0076,-33.3961,-266.18,53.0076,-33.3961,-266.18,0.0528203
88,88,0,0.640555,0.201272,0.725419,0.151483,52.7523,-33.2542,-265.907,52.7523,-33.2542,-265.907,0.045119
96,96,0,0.635666,0.204417,0.729068,0.150339,52.959,-33.3109,-265.609,52.959,-33.3109,-265.609,0.0475507
104,104,0,0.62987,0.208747,0.732802,0.150629,52.6267,-33.2247,-265.249,52.6267,-33.2247,-265.249,0.0682501
112,112,0,0.624314,0.215083,0.735141,0.153427,52.9725,-33.3184,-265.019,52.9725,-33.3184,-265.019,0.0434579
120,120,0,0.617232,0.217187,0.740445,0.153614,52.8106,-33.1538,-264.71,52.8106,-33.1538,-264.71,0.0745899
128,128,0,0.609683,0.218192,0.746063,0.155139,53.1409,-33.4685,-264.206,53.1409,-33.4685,-264.206,0.0407917
136,136,0,0.601389,0.216186,0.753332,0.155193,52.854,-33.426,-263.85,52.854,-33.426,-263.85,0.055458
144,144,0,0.59376,0.21456,0.759587,0.156333,53.1744,-33.5674,-263.615,53.1744,-33.5674,-263.615,0.0470391
152,152,0,0.585226,0.211989,0.766722,0.15719,52.8726,-33.8374,-263.1,52.8726,-33.8374,-263.1,0.0521694
160,160,0,0.577775,0.20911,0.7729,0.15835,53.2911,-33.9251,-262.969,53.2911,-33.9251,-262.969,0.0467313
168,168,0,0.570871,0.20199,0.780278,0.156433,53.038,-34.0829,-262.633,53.038,-34.0829,-262.633,0.0521739
176,176,0,0.564696,0.196694,0.785873,0.157588,53.2743,-34.4262,-262.505,53.2743,-34.4262,-262.505,0.0487203
184,184,0,0.558073,0.190578,0.791421,0.160896,53.1112,-34.5141,-262.267,53.1112,-34.5141,-262.267,0.0536133
192,192,0,0.553352,0.182952,0.796245,0.162251,53.2369,-34.8008,-262.166,53.2369,-34.8008,-262.166,0.0606872
200,200,0,0.551927,0.174081,0.799338,0.161651,53.1258,-34.942,-262.087,53.1258,-34.942,-262.087,0.0524708
208,208,0,0.551368,0.166742,0.80084,0.163849,53.2566,-35.1905,-262.195,53.2566,-35.1905,-262.195,0.0559231
216,216,0,0.55045,0.156311,0.802404,0.169469,53.1331,-35.318,-262.353,53.1331,-35.318,-262.353,0.0584459
224,224,0,0.547807,0.146171,0.804506,0.176954,53.0232,-35.99,-262.264,53.0232,-35.99,-262.264,0.0702915
232,232,0,0.54623,0.131574,0.806558,0.183808,53.0519,-36.3114,-262.386,53.0519,-36.3114,-262.386,0.056743
240,240,0,0.543815,0.115348,0.809254,0.189917,52.7645,-37.0801,-262.286,52.7645,-37.0801,-262.286,0.0728228
248,248,0,0.543755,0.0979918,0.809765,0.197508,52.9748,-37.3239,-262.581,52.9748,-37.3239,-262.581,0.0601489
256,256,0,0.542426,0.082415,0.81079,0.203966,52.6427,-38.0979,-262.624,52.6427,-38.0979,-262.624,0.0716976
264,264,0,0.544958,0.0660719,0.809054,0.209965,53.0775,-38.2521,-263.032,53.0775,-38.2521,-263.032,0.0579496
272,272,0,0.545207,0.0524078,0.808308,0.215964,52.6489,-38.9046,-263.088,52.6489,-38.9046,-263.088,0.0636277
280,280,0,0.5467,0.0391834,0.805577,0.22501,53.0786,-39.2042,-263.463,53.0786,-39.2042,-263.463,0.0568535
288,288,0,0.544575,0.0284628,0.80437,0.235831,52.5579,-39.8831,-263.381,52.5579,-39.8831,-263.381,0.0727762
296,296,0,0.546888,0.0166972,0.800042,0.246106,53.235,-40.2156,-264.038,53.235,-40.2156,-264.038,0.0657766
304,304,0,0.548369,0.00733197,0.795892,0.256501,52.6676,-40.6619,-263.952,52.6676,-40.6619,-263.952,0.0688898
312,312,0,0.554997,-0.00252398,0.788263,0.265734,53.1146,-41.1495,-264.625,53.1146,-41.1495,-264.625,0.0629554
320,320,0,0.562101,-0.00849447,0.77988,0.275241,52.4194,-41.3004,-264.863,52.4194,-41.3004,-264.863,0.0638767
328,328,0,0.575873,-0.0135528,0.767609,0.281003,53.0783,-41.74,-265.868,53.0783,-41.74,-265.868,0.0649057
336,336,0,0.588945,-0.0158703,0.755327,0.287007,52.4349,-41.4609,-266.269,52.4349,-41.4609,-266.269,0.0659292
344,344,0,0.60598,-0.0206599,0.741156,0.288184,53.0052,-42.0295,-267.425,53.0052,-42.0295,-267.425,0.0707552
352,352,0,0.619909,-0.0211388,0.728061,0.291879,52.3886,-41.4376,-267.879,52.3886,-41.4376,-267.879,0.0570898
360,360,0,0.636411,-0.0269404,0.71556,0.286758,52.862,-42.0343,-268.816,52.862,-42.0343,-268.816,0.058605
368,368,0,0.650753,-0.0284952,0.70431,0.282232,52.3769,-41.109,-269.603,52.3769,-41.109,-269.603,0.0605262
376,376,0,0.664974,-0.032755,0.694124,0.27373,52.9806,-42.0172,-270.159,52.9806,-42.0172,-270.159,0.0649462
384,384,0,0.673552,-0.0233192,0.684494,0.277942,52.4796,-40.6731,-270.839,52.4796,-40.6731,-270.839,0.0440408
392,392,0,0.683868,-0.0164761,0.674498,0.27768,52.9157,-41.626,-271.258,52.9157,-41.626,-271.258,0.0544199
400,400,0,0.692636,0.0054504,0.661462,0.287566,52.3952,-39.9211,-271.954,52.3952,-39.9211,-271.954,0.0517484
408,408,0,0.704719,0.0167113,0.648806,0.286606,52.8616,-40.879,-272.119,52.8616,-40.879,-272.119,0.0550015
416,416,0,0.713962,0.0346083,0.636803,0.289035,52.5965,-38.9251,-273.251,52.5965,-38.9251,-273.251,0.0483556
424,424,0,0.727369,0.0392584,0.627112,0.275905,52.8927,-40.053,-272.859,52.8927,-40.053,-272.859,0.0428182
432,432,0,0.736326,0.0607896,0.61501,0.275484,52.5549,-37.5421,-274.228,52.5549,-37.5421,-274.228,0.0454385
440,440,0,0.748561,0.0667567,0.605816,0.26113,52.937,-38.8016,-273.293,52.937,-38.8016,-273.293,0.0278583
448,448,0,0.755114,0.0886479,0.594808,0.261053,52.7347,-36.4115,-274.963,52.7347,-36.4115,-274.963,0.0641756
456,456,0,0.765169,0.0991862,0.585063,0.24976,53.0759,-37.6244,-273.634,53.0759,-37.6244,-273.634,0.0227357
464,464,0,0.769575,0.122741,0.575066,0.248976,52.8947,-34.6934,-275.349,52.8947,-34.6934,-275.349,0.0946383
472,472,0,0.776555,0.126344,0.572429,0.230922,53.2103,-36.0493,-274.002,53.2103,-36.0493,-274.002,0.020367
480,480,0,0.777988,0.141251,0.569829,0.22378,53.1642,-33.7975,-275.519,53.1642,-33.7975,-275.519,0.0967885
488,488,0,0.780963,0.144754,0.571369,0.206595,53.2515,-34.9401,-273.847,53.2515,-34.9401,-273.847,0.0171633
496,496,0,0.779161,0.160135,0.571671,0.20114,53.2729,-32.9546,-275.111,53.2729,-32.9546,-275.111,0.0823085
504,504,0,0.779516,0.164499,0.575273,0.185353,53.2938,-33.7716,-273.508,53.2938,-33.7716,-273.508,0.0164628
512,512,0,0.775453,0.177203,0.578556,0.180403,53.3906,-32.1066,-274.514,53.3906,-32.1066,-274.514,0.0678987
520,520,0,0.771802,0.18169,0.585533,0.168706,53.2786,-32.9487,-272.977,53.2786,-32.9487,-272.977,0.0138587
528,528,0,0.765094,0.191446,0.592609,0.163691,53.405,-31.6489,-273.56,53.405,-31.6489,-273.56,0.0532215
536,536,0,0.759492,0.19064,0.604168,0.147677,53.2957,-32.2933,-272.185,53.2957,-32.2933,-272.185,0.021717
544,544,0,0.752393,0.195003,0.613859,0.138044,53.4226,-31.5089,-272.517,53.4226,-31.5089,-272.517,0.0354265
552,552,0,0.745843,0.196381,0.623803,0.126579,53.2614,-31.763,-271.392,53.2614,-31.763,-271.392,0.03472
560,560,0,0.737901,0.199732,0.633522,0.119411,53.4238,-30.8832,-271.68,53.4238,-30.8832,-271.68,0.0175358
568,568,0,0.729526,0.195164,0.646873,0.106105,53.1977,-31.5292,-270.241,53.1977,-31.5292,-270.241,0.0582712
576,576,0,0.720249,0.196905,0.657161,0.103004,53.3908,-31.1074,-270.15,53.3908,-31.1074,-270.15,0.0534124
584,584,0,0.711487,0.198402,0.666443,0.101371,53.1917,-31.6881,-269.202,53.1917,-31.6881,-269.202,0.0517047
592,592,0,0.704166,0.207086,0.67069,0.106961,53.2769,-31.1785,-269.15,53.2769,-31.1785,-269.15,0.0722473
600,600,0,0.697435,0.210965,0.676426,0.107361,53.0464,-31.3971,-268.65,53.0464,-31.3971,-268.65,0.0706873
608,608,0,0.691076,0.212509,0.682411,0.107559,53.331,-31.3361,-268.27,53.331,-31.3361,-268.27,0.0700992
616,616,0,0.68389,0.211281,0.690304,0.10552,53.1073,-31.4356,-267.958,53.1073,-31.4356,-267.958,0.0638757
624,624,0,0.677471,0.210403,0.696892,0.10538,53.2907,-31.505,-267.416,53.2907,-31.505,-267.416,0.0742927
632,632,0,0.670663,0.211131,0.702967,0.10711,53.0446,-31.5108,-267.36,53.0446,-31.5108,-267.36,0.0743216
640,640,0,0.666714,0.21017,0.707014,0.107015,53.2474,-31.8115,-266.651,53.2474,-31.8115,-266.651,0.0704844
648,648,0,0.663121,0.20751,0.711603,0.104071,53.0641,-31.474,-267.186,53.0641,-31.474,-267.186,0.0811562
656,656,0,0.659924,0.200854,0.717233,0.0986649,53.1778,-32.0057,-266.318,53.1778,-32.0057,-266.318,0.0841957
664,664,0,0.653769,0.196233,0.724164,0.0983106,53.0544,-31.6896,-266.8,53.0544,-31.6896,-266.8,0.0725971
672,672,0,0.648722,0.189391,0.730889,0.0953559,53.0267,-32.3389,-265.679,53.0267,-32.3389,-265.679,0.076446
680,680,0,0.643435,0.186067,0.736323,0.095908,52.9947,-31.9809,-266.138,52.9947,-31.9809,-266.138,0.0763876
688,688,0,0.637674,0.180899,0.74263,0.0956501,52.9934,-32.4803,-265.243,52.9934,-32.4803,-265.243,0.0679013
696,696,0,0.629098,0.177437,0.750146,0.100168,52.9589,-32.2739,-265.621,52.9589,-32.2739,-265.621,0.092783
704,704,0,0.621226,0.174223,0.756934,0.103811,52.9552,-33.0038,-264.381,52.9552,-33.0038,-264.381,0.0634731
712,712,0,0.614151,0.170767,0.763,0.107186,53.1528,-32.5777,-265.036,53.1528,-32.5777,-265.036,0.0856485
720,720,0,0.606675,0.167301,0.76932,0.110014,52.9225,-33.3772,-263.786,52.9225,-33.3772,-263.786,0.0621868
728,728,0,0.597744,0.164125,0.775901,0.117233,53.0962,-33.1394,-264.251,53.0962,-33.1394,-264.251,0.0850973
736,736,0,0.588151,0.161941,0.782681,0.123547,52.8367,-33.9181,-263.104,52.8367,-33.9181,-263.104,0.0727067
744,744,0,0.581311,0.154787,0.788752,0.126447,53.1698,-33.6644,-263.548,53.1698,-33.6644,-263.548,0.0788778
752,752,0,0.574939,0.148273,0.79435,0.128328,52.9112,-34.4016,-262.537,52.9112,-34.4016,-262.537,0.071197
760,760,0,0.569599,0.141167,0.798442,0.134607,53.1921,-34.1178,-263.245,53.1921,-34.1178,-263.245,0.0780851
768,768,0,0.563618,0.135962,0.802711,0.139659,52.7358,-34.992,-262.305,52.7358,-34.992,-262.305,0.0728907
776,776,0,0.560788,0.127352,0.805334,0.144,53.2788,-34.7065,-262.911,53.2788,-34.7065,-262.911,0.0728402
784,784,0,0.555513,0.121433,0.809127,0.148233,52.6767,-35.5464,-262.101,52.6767,-35.5464,-262.101,0.0781349
792,792,0,0.5527,0.111642,0.811185,0.155042,53.2723,-35.4177,-262.832,53.2723,-35.4177,-262.832,0.0820574
800,800,0,0.546353,0.107803,0.814218,0.164097,52.7378,-36.1408,-262.028,52.7378,-36.1408,-262.028,0.0797781
808,808,0,0.543766,0.0980192,0.815659,0.171499,53.4772,-36.0334,-262.584,53.4772,-36.0334,-262.584,0.065587
816,816,0,0.53892,0.0914089,0.818292,0.177787,52.7163,-36.9183,-261.85,52.7163,-36.9183,-261.85,0.0844939
824,824,0,0.539744,0.0846189,0.816588,0.186278,53.3054,-36.8298,-262.471,53.3054,-36.8298,-262.471,0.075088
832,832,0,0.540515,0.0790478,0.815579,0.190857,52.6296,-37.4465,-262.294,52.6296,-37.4465,-262.294,0.0800456
840,840,0,0.547041,0.0691409,0.811405,0.193877,53.2321,-37.2453,-263.11,53.2321,-37.2453,-263.11,0.0804955
848,848,0,0.551177,0.0633674,0.808529,0.196138,52.4876,-37.8682,-262.922,52.4876,-37.8682,-262.922,0.0850132
856,856,0,0.558815,0.0556514,0.803131,0.19902,53.2214,-37.5967,-263.803,53.2214,-37.5967,-263.803,0.0804748
864,864,0,0.564484,0.0458758,0.800295,0.196932,52.5188,-38.0746,-263.737,52.5188,-38.0746,-263.737,0.0696521
872,872,0,0.57378,0.035608,0.794395,0.196073,53.0096,-37.9834,-264.491,53.0096,-37.9834,-264.491,0.0644862
880,880,0,0.580042,0.0266642,0.790129,0.196308,52.4535,-38.3968,-264.538,52.4535,-38.3968,-264.538,0.0738456
888,888,0,0.587842,0.0198929,0.783339,0.201062,52.8268,-38.5923,-265.101,52.8268,-38.5923,-265.101,0.0694459
896,896,0,0.59384,0.0137135,0.7773,0.207293,52.4977,-38.8139,-265.533,52.4977,-38.8139,-265.533,0.0654999
904,904,0,0.600846,0.00642887,0.769918,0.21487,52.8814,-39.2697,-265.96,52.8814,-39.2697,-265.96,0.0625397
912,912,0,0.606365,-0.00152028,0.763336,0.222795,52.5073,-39.4518,-266.502,52.5073,-39.4518,-266.502,0.0774766
920,920,0,0.612079,-0.00740916,0.755379,0.233896,52.7688,-40.1942,-266.761,52.7688,-40.1942,-266.761,0.075029
928,928,0,0.616931,-0.012669,0.74756,0.245744,52.6686,-40.082,-267.666,52.6686,-40.082,-267.666,0.0895139
936,936,0,0.620268,-0.0173059,0.740104,0.259256,52.8409,-41.2146,-267.567,52.8409,-41.2146,-267.567,0.0672175
944,944,0,0.623699,-0.0200329,0.731507,0.274765,52.8594,-40.796,-268.544,52.8594,-40.796,-268.544,0.0699388
952,952,0,0.628615,-0.0245908,0.722428,0.286942,52.7722,-42.0668,-268.243,52.7722,-42.0668,-268.243,0.0838059
960,960,0,0.635616,-0.0256613,0.711206,0.299199,52.9194,-41.2391,-269.753,52.9194,-41.2391,-269.753,0.0690747
968,968,0,0.642718,-0.034011,0.70224,0.30433,52.9098,-42.6708,-269.288,52.9098,-42.6708,-269.288,0.0763255
976,976,0,0.649679,-0.0370738,0.692263,0.311952,53.0758,-41.731,-270.686,53.0758,-41.731,-270.686,0.0524276
984,984,0,0.658552,-0.0519226,0.684697,0.307901,52.9833,-43.2334,-270.17,52.9833,-43.2334,-270.17,0.0798049
992,992,0,0.668331,-0.0575721,0.675043,0.307142,53.0515,-41.9924,-271.57,53.0515,-41.9924,-271.57,0.05215
1000,1000,0,0.678442,-0.0725442,0.667288,0.298631,53.0331,-43.5128,-271.168,53.0331,-43.5128,-271.168,0.0862751
1008,1008,0,0.687721,-0.0737993,0.658006,0.297695,53.0972,-42.0891,-272.396,53.0972,-42.0891,-272.396,0.0368736
1016,1016,0,0.698162,-0.0879614,0.65046,0.285892,53.0289,-43.6488,-271.925,53.0289,-43.6488,-271.925,0.0883956
1024,1024,0,0.707828,-0.087568,0.641549,0.28236,53.2383,-42.0033,-273.313,53.2383,-42.0033,-273.313,0.0452785
1032,1032,0,0.719474,-0.0991638,0.633197,0.267557,53.243,-43.2936,-272.808,53.243,-43.2936,-272.808,0.0757633
1040,1040,0,0.728492,-0.0906068,0.624491,0.266646,53.2372,-41.6737,-274.248,53.2372,-41.6737,-274.248,0.064716
1048,1048,0,0.739478,-0.0932859,0.615568,0.256021,53.2461,-42.9163,-273.567,53.2461,-42.9163,-273.567,0.0768168
1056,1056,0,0.747836,-0.0757384,0.606098,0.260098,53.1998,-41.1171,-274.856,53.1998,-41.1171,-274.856,0.058341
1064,1064,0,0.760333,-0.0757604,0.595983,0.246898,53.4695,-42.215,-274.543,53.4695,-42.215,-274.543,0.0693646
1072,1072,0,0.771602,-0.0591342,0.58575,0.240895,53.1768,-40.3568,-275.882,53.1768,-40.3568,-275.882,0.0758414
1080,1080,0,0.788116,-0.0567601,0.572862,0.217901,53.5471,-40.8188,-275.395,53.5471,-40.8188,-275.395,0.0660822
1088,1088,0,0.79949,-0.0368191,0.561585,0.209958,53.4935,-38.8396,-276.826,53.4935,-38.8396,-276.826,0.108566
1096,1096,0,0.81253,-0.0293951,0.550017,0.190823,53.8615,-39.3292,-276.298,53.8615,-39.3292,-276.298,0.0836511
1104,1104,0,0.820481,-0.00524089,0.540189,0.187026,53.5635,-37.4226,-277.27,53.5635,-37.4226,-277.27,0.108331
1112,1112,0,0.830739,0.00627694,0.530089,0.169819,54.0776,-37.4238,-276.914,54.0776,-37.4238,-276.914,0.0820982
1120,1120,0,0.833533,0.0253758,0.527013,0.163818,53.853,-36.0781,-277.615,53.853,-36.0781,-277.615,0.112142
1128,1128,0,0.836193,0.0327229,0.526755,0.14913,54.2027,-36.1976,-277.093,54.2027,-36.1976,-277.093,0.063429
1136,1136,0,0.834499,0.0469928,0.529481,0.145099,54.0164,-35.2853,-277.497,54.0164,-35.2853,-277.497,0.108438
1144,1144,0,0.834202,0.0580714,0.530676,0.138271,54.142,-35.2011,-276.776,54.142,-35.2011,-276.776,0.0723701
1152,1152,0,0.830935,0.0742298,0.533544,0.139171,53.9783,-34.4342,-276.822,53.9783,-34.4342,-276.822,0.0892199
1160,1160,0,0.827629,0.084652,0.538745,0.132736,53.9585,-34.0212,-276.523,53.9585,-34.0212,-276.523,0.0767494
1168,1168,0,0.822797,0.0925118,0.546791,0.124366,53.8606,-33.6584,-276.196,53.8606,-33.6584,-276.196,0.0815225
1176,1176,0,0.817517,0.0988781,0.555515,0.115293,53.8522,-33.4359,-276.003,53.8522,-33.4359,-276.003,0.0706453
1184,1184,0,0.811544,0.108708,0.562722,0.113678,53.8627,-33.3992,-275.306,53.8627,-33.3992,-275.306,0.0495718
1192,1192,0,0.804504,0.12167,0.569656,0.116027,53.7617,-32.7213,-275.298,53.7617,-32.7213,-275.298,0.0649698
1200,1200,0,0.796483,0.131598,0.578101,0.118729,53.634,-32.8435,-274.324,53.634,-32.8435,-274.324,0.0261056
1208,1208,0,0.786886,0.140414,0.588892,0.119583,53.5749,-32.3188,-274.427,53.5749,-32.3188,-274.427,0.0431532
1216,1216,0,0.777237,0.144616,0.601128,0.116768,53.5477,-32.6241,-273.241,53.5477,-32.6241,-273.241,0.0308382
1224,1224,0,0.76544,0.15303,0.613374,0.120236,53.3877,-31.9612,-273.29,53.3877,-31.9612,-273.29,0.0378847
1232,1232,0,0.753473,0.156549,0.627035,0.120824,53.1873,-32.6712,-271.678,53.1873,-32.6712,-271.678,0.0212302
1240,1240,0,0.740177,0.162804,0.640697,0.123046,53.1767,-32.0336,-271.87,53.1767,-32.0336,-271.87,0.0314633
1248,1248,0,0.727886,0.161898,0.655765,0.118079,53.0514,-32.7077,-270.316,53.0514,-32.7077,-270.316,0.0401519
1256,1256,0,0.713893,0.164147,0.670292,0.118836,53.0074,-32.122,-270.453,53.0074,-32.122,-270.453,0.0483661
1264,1264,0,0.700883,0.161156,0.685032,0.116289,52.8387,-32.9004,-268.677,52.8387,-32.9004,-268.677,0.0480763
1272,1272,0,0.686734,0.161536,0.698623,0.119286,52.8692,-32.5392,-268.713,52.8692,-32.5392,-268.713,0.0918948
1280,1280,0,0.673751,0.157182,0.712189,0.118914,52.757,-33.1962,-267.277,52.757,-33.1962,-267.277,0.0726281
1288,1288,0,0.660661,0.152567,0.725224,0.119585,52.8214,-32.8255,-267.564,52.8214,-32.8255,-267.564,0.093656
1296,1296,0,0.646869,0.143651,0.739373,0.119386,52.6792,-33.6181,-265.999,52.6792,-33.6181,-265.999,0.0531988
1304,1304,0,0.632458,0.134465,0.752914,0.122629,52.767,-33.7853,-266.002,52.767,-33.7853,-266.002,0.0842918
1312,1312,0,0.620816,0.126204,0.763669,0.124382,52.6502,-34.3133,-264.789,52.6502,-34.3133,-264.789,0.0723651
1320,1320,0,0.612693,0.115318,0.772181,0.122664,52.8544,-34.3306,-265.157,52.8544,-34.3306,-265.157,0.0950796
1328,1328,0,0.604168,0.110961,0.778715,0.127564,52.7253,-34.5539,-264.288,52.7253,-34.5539,-264.288,0.0654828
1336,1336,0,0.595682,0.105998,0.784666,0.135009,52.7526,-35.1397,-264.355,52.7526,-35.1397,-264.355,0.087895
1344,1344,0,0.588768,0.105653,0.788114,0.145142,52.5897,-35.2549,-263.682,52.5897,-35.2549,-263.682,0.0698516
1352,1352,0,0.58467,0.096503,0.791494,0.149618,52.9009,-35.5906,-264.117,52.9009,-35.5906,-264.117,0.0814378
1360,1360,0,0.577814,0.0911889,0.794917,0.161004,52.7457,-35.728,-263.558,52.7457,-35.728,-263.558,0.0706607
1368,1368,0,0.571341,0.0807615,0.798562,0.171306,52.7876,-36.6408,-263.634,52.7876,-36.6408,-263.634,0.0755657
1376,1376,0,0.565632,0.0734994,0.800508,0.183972,52.6716,-36.6535,-263.401,52.6716,-36.6535,-263.401,0.0766127
1384,1384,0,0.561488,0.0572342,0.802951,0.191637,52.8598,-37.791,-263.658,52.8598,-37.791,-263.658,0.0598275
1392,1392,0,0.557157,0.0426776,0.803863,0.203863,53.034,-37.7628,-263.433,53.034,-37.7628,-263.433,0.0791147
1400,1400,0,0.554802,0.0251102,0.803931,0.212741,52.8741,-39.1336,-263.608,52.8741,-39.1336,-263.608,0.0737396
1408,1408,0,0.556357,0.00929129,0.800623,0.222223,53.0064,-39.0508,-263.803,53.0064,-39.0508,-263.803,0.0741221
1416,1416,0,0.559307,-0.00860587,0.796786,0.228548,52.7541,-40.3026,-264.322,52.7541,-40.3026,-264.322,0.0670708
1424,1424,0,0.562134,-0.0218544,0.790954,0.240664,53.1594,-40.027,-264.503,53.1594,-40.027,-264.503,0.0780035
1432,1432,0,0.564255,-0.0385015,0.786526,0.248015,52.8017,-41.4219,-264.937,52.8017,-41.4219,-264.937,0.0836685
1440,1440,0,0.570336,-0.0506718,0.778498,0.257079,53.3454,-40.9469,-265.318,53.3454,-40.9469,-265.318,0.085869
1448,1448,0,0.575903,-0.0642765,0.771812,0.261744,52.845,-42.3701,-265.892,52.845,-42.3701,-265.892,0.0668809
1456,1456,0,0.582794,-0.0711128,0.762018,0.273171,53.4499,-41.8417,-266.265,53.4499,-41.8417,-266.265,0.0755644
1464,1464,0,0.587039,-0.0776186,0.754413,0.283234,52.8047,-43.1381,-266.801,52.8047,-43.1381,-266.801,0.0658669
1472,1472,0,0.595384,-0.0838977,0.743352,0.293097,53.4582,-42.5552,-267.317,53.4582,-42.5552,-267.317,0.0731065
1480,1480,0,0.602412,-0.0943619,0.73484,0.296995,52.9883,-43.7853,-268.018,52.9883,-43.7853,-268.018,0.0611253
1488,1488,0,0.610453,-0.102013,0.724091,0.304356,53.7928,-43.2348,-268.343,53.7928,-43.2348,-268.343,0.0622169
1496,1496,0,0.614355,-0.104169,0.716229,0.314219,53.0862,-44.4138,-268.828,53.0862,-44.4138,-268.828,0.0714109
1504,1504,0,0.623585,-0.104778,0.704326,0.322628,53.8524,-43.6959,-269.315,53.8524,-43.6959,-269.315,0.0667926
1512,1512,0,0.634007,-0.109742,0.694756,0.321412,53.1837,-44.6016,-270.049,53.1837,-44.6016,-270.049,0.0675516
1520,1520,0,0.646742,-0.114437,0.683221,0.319122,53.7771,-43.8068,-270.053,53.7771,-43.8068,-270.053,0.0653394
1528,1528,0,0.657904,-0.120405,0.675531,0.31036,53.05,-44.55,-270.949,53.05,-44.55,-270.949,0.0636019
1536,1536,0,0.671774,-0.125991,0.66615,0.298479,53.7067,-43.6524,-271.082,53.7067,-43.6524,-271.082,0.0469325
1544,1544,0,0.684589,-0.130417,0.659805,0.281048,53.0225,-44.1583,-271.791,53.0225,-44.1583,-271.791,0.0695091
1552,1552,0,0.698772,-0.131174,0.651558,0.264543,53.6316,-43.1166,-272.1,53.6316,-43.1166,-272.1,0.0547491
1560,1560,0,0.712478,-0.131662,0.645231,0.242318,53.0329,-43.3305,-272.79,53.0329,-43.3305,-272.79,0.0717401
1568,1568,0,0.727481,-0.128897,0.636928,0.220183,53.3809,-42.2631,-272.974,53.3809,-42.2631,-272.974,0.0408343
1576,1576,0,0.742125,-0.12204,0.62876,0.197531,52.8994,-41.9783,-273.616,52.8994,-41.9783,-273.616,0.058808
1584,1584,0,0.75678,-0.106551,0.618377,0.183142,53.3149,-40.6937,-273.954,53.3149,-40.6937,-273.954,0.0372057
1592,1592,0,0.77154,-0.0920915,0.607778,0.163864,53.0209,-40.4113,-274.583,53.0209,-40.4113,-274.583,0.0728094
1600,1600,0,0.785787,-0.074804,0.596192,0.146627,53.3764,-39.1137,-275.369,53.3764,-39.1137,-275.369,0.0502475
1608,1608,0,0.799114,-0.0581468,0.585224,0.124696,53.1749,-38.3551,-275.669,53.1749,-38.3551,-275.669,0.0764649
1616,1616,0,0.809381,-0.0390426,0.575577,0.109957,53.5765,-37.3482,-276.221,53.5765,-37.3482,-276.221,0.0602562
1624,1624,0,0.81767,-0.0178717,0.5671,0.0974389,53.6755,-36.4182,-276.323,53.6755,-36.4182,-276.323,0.0693802
1632,1632,0,0.821607,0.00037766,0.563414,0.0867575,53.7473,-35.534,-276.651,53.7473,-35.534,-276.651,0.0840715
1640,1640,0,0.822766,0.01369,0.563824,0.0704996,53.7884,-35.0299,-276.279,53.7884,-35.0299,-276.279,0.0703382
1648,1648,0,0.820247,0.0282258,0.567805,0.0632186,53.8897,-34.4404,-276.19,53.8897,-34.4404,-276.19,0.0607011
1656,1656,0,0.816642,0.0414936,0.573053,0.054636,53.7899,-33.9982,-275.844,53.7899,-33.9982,-275.844,0.0681536
1664,1664,0,0.811472,0.0531868,0.580067,0.0469799,53.7183,-33.5338,-275.687,53.7183,-33.5338,-275.687,0.0424678
1672,1672,0,0.805719,0.0615202,0.588077,0.0346066,53.8114,-32.9404,-275.057,53.8114,-32.9404,-275.057,0.0540751
1680,1680,0,0.797472,0.0669278,0.599103,0.0251951,53.7434,-32.8218,-274.8,53.7434,-32.8218,-274.8,0.038647
1688,1688,0,0.788957,0.0768435,0.609179,0.0232988,53.8056,-32.2423,-274.272,53.8056,-32.2423,-274.272,0.0337077
1696,1696,0,0.780129,0.0887739,0.618508,0.0310812,53.5497,-32.6026,-273.618,53.5497,-32.6026,-273.618,0.0316661
1704,1704,0,0.771413,0.107652,0.625326,0.0479735,53.5505,-31.9247,-273.058,53.5505,-31.9247,-273.058,0.0296477
1712,1712,0,0.76208,0.120204,0.633274,0.0612288,53.2423,-32.3475,-272.437,53.2423,-32.3475,-272.437,0.0189997
1720,1720,0,0.752589,0.133013,0.640514,0.0752279,53.4025,-31.6403,-271.97,53.4025,-31.6403,-271.97,0.0436016
1728,1728,0,0.742871,0.137175,0.650067,0.0820983,53.1363,-32.4376,-271.462,53.1363,-32.4376,-271.462,0.0319466
1736,1736,0,0.73275,0.145243,0.658265,0.0931123,53.3225,-31.8312,-270.914,53.3225,-31.8312,-270.914,0.0448213
1744,1744,0,0.721472,0.146706,0.669296,0.0999967,52.8552,-32.7229,-270.196,52.8552,-32.7229,-270.196,0.0435536
1752,1752,0,0.710249,0.150977,0.678638,0.110466,53.0137,-32.3089,-269.571,53.0137,-32.3089,-269.571,0.0753393
1760,1760,0,0.69993,0.148582,0.689292,0.113571,52.6517,-33.237,-269.192,52.6517,-33.237,-269.192,0.0571899
1768,1768,0,0.690238,0.148337,0.697999,0.119854,52.9933,-32.6975,-268.561,52.9933,-32.6975,-268.561,0.0874914
1776,1776,0,0.680162,0.142641,0.708605,0.122117,52.5328,-33.676,-268.164,52.5328,-33.676,-268.164,0.0523417
1784,1784,0,0.670948,0.139168,0.716866,0.128706,52.9534,-33.2683,-267.616,52.9534,-33.2683,-267.616,0.0842367
1792,1792,0,0.661865,0.132874,0.72592,0.131603,52.3889,-34.1456,-267.47,52.3889,-34.1456,-267.47,0.0639786
1800,1800,0,0.653337,0.128448,0.732885,0.139758,52.8507,-33.8163,-266.931,52.8507,-33.8163,-266.931,0.0839291
1808,1808,0,0.644062,0.120208,0.741503,0.144599,52.3238,-34.8226,-266.624,52.3238,-34.8226,-266.624,0.053489
1816,1816,0,0.635951,0.110481,0.748651,0.151263,52.7814,-34.7131,-266.18,52.7814,-34.7131,-266.18,0.0807643
1824,1824,0,0.628076,0.0990365,0.756132,0.154847,52.2299,-35.6593,-266.053,52.2299,-35.6593,-266.053,0.0661269
1832,1832,0,0.62122,0.0880977,0.761583,0.162223,52.7884,-35.7457,-265.6,52.7884,-35.7457,-265.6,0.0731249
1840,1840,0,0.613853,0.0763618,0.767395,0.168693,52.3628,-36.473,-265.548,52.3628,-36.473,-265.548,0.0656361
1848,1848,0,0.609043,0.0609465,0.771248,0.174728,52.7422,-36.8135,-265.281,52.7422,-36.8135,-265.281,0.086097
1856,1856,0,0.605981,0.0481075,0.773163,0.180808,52.386,-37.2818,-265.483,52.386,-37.2818,-265.483,0.0756257
1864,1864,0,0.60665,0.0326077,0.772393,0.185261,52.6236,-37.9156,-265.329,52.6236,-37.9156,-265.329,0.0885774
1872,1872,0,0.607974,0.0230132,0.76925,0.195175,52.643,-37.9827,-266.048,52.643,-37.9827,-266.048,0.0812349
1880,1880,0,0.610764,0.00764397,0.766032,0.200261,52.5892,-38.9296,-266.007,52.5892,-38.9296,-266.007,0.0680796
1888,1888,0,0.614978,-0.00459892,0.760506,0.208356,52.7129,-38.7877,-266.648,52.7129,-38.7877,-266.648,0.0742609
1896,1896,0,0.620047,-0.0200841,0.755235,0.211561,52.4058,-40.0567,-266.626,52.4058,-40.0567,-266.626,0.0697832
1904,1904,0,0.62773,-0.0272058,0.746065,0.220461,52.8549,-39.4535,-267.573,52.8549,-39.4535,-267.573,0.0828187
1912,1912,0,0.636912,-0.0386417,0.738035,0.219443,52.2047,-40.8861,-267.646,52.2047,-40.8861,-267.646,0.0642849
1920,1920,0,0.649031,-0.0399957,0.725309,0.226021,52.9829,-39.7642,-268.845,52.9829,-39.7642,-268.845,0.0741612
1928,1928,0,0.660323,-0.0451025,0.715522,0.223536,52.2053,-41.1395,-268.929,52.2053,-41.1395,-268.929,0.0460679
1936,1936,0,0.673786,-0.0395297,0.701015,0.23028,53.1544,-39.5857,-270.197,53.1544,-39.5857,-270.197,0.0745951
1944,1944,0,0.687073,-0.0414587,0.690573,0.222084,52.1192,-41.0366,-270.395,52.1192,-41.0366,-270.395,0.0365529
1952,1952,0,0.703659,-0.0347824,0.674904,0.219453,53.1883,-39.1645,-271.668,53.1883,-39.1645,-271.668,0.0612244
1960,1960,0,0.716655,-0.0339658,0.665499,0.205821,52.0863,-40.5211,-271.514,52.0863,-40.5211,-271.514,0.0344581
1968,1968,0,0.728659,-0.0215763,0.653271,0.204518,53.1451,-38.3523,-272.711,53.1451,-38.3523,-272.711,0.0641582
1976,1976,0,0.73712,-0.0175224,0.648181,0.190286,52.1504,-39.5506,-272.519,52.1504,-39.5506,-272.519,0.0203489
1984,1984,0,0.744951,-0.00258486,0.640689,0.185901,53.2562,-37.3238,-273.409,53.2562,-37.3238,-273.409,0.0511095
1992,1992,0,0.747624,0.00470243,0.641636,0.171291,52.1921,-38.4006,-272.865,52.1921,-38.4006,-272.865,0.0200689
2000,2000,0,0.747527,0.020956,0.641689,0.170294,53.2142,-36.3356,-273.116,53.2142,-36.3356,-273.116,0.0626862
2008,2008,0,0.742795,0.0280416,0.649598,0.159666,52.2571,-37.4941,-272.479,52.2571,-37.4941,-272.479,0.0312074
2016,2016,0,0.73761,0.0411309,0.655377,0.157229,53.0914,-35.5925,-272.297,53.0914,-35.5925,-272.297,0.0516816
2024,2024,0,0.730673,0.043886,0.665986,0.143715,52.2285,-36.8108,-271.555,52.2285,-36.8108,-271.555,0.0239953
2032,2032,0,0.723246,0.0561805,0.672913,0.144731,53.0038,-34.959,-271.319,53.0038,-34.959,-271.319,0.0612579
2040,2040,0,0.713503,0.0605294,0.683797,0.140253,52.2968,-36.1684,-270.708,52.2968,-36.1684,-270.708,0.0296661
2048,2048,0,0.702299,0.068227,0.693121,0.147329,52.9654,-34.9763,-270.122,52.9654,-34.9763,-270.122,0.0748721
2056,2056,0,0.69061,0.0663585,0.705135,0.146423,52.2153,-36.2195,-269.447,52.2153,-36.2195,-269.447,0.0467198
2064,2064,0,0.681096,0.0657322,0.713099,0.152573,52.8551,-35.4306,-268.694,52.8551,-35.4306,-268.694,0.085862
2072,2072,0,0.672431,0.0603079,0.720793,0.157025,52.1471,-36.8149,-268.633,52.1471,-36.8149,-268.633,0.0668561
2080,2080,0,0.666151,0.0587888,0.723073,0.173069,52.8611,-36.1432,-268.197,52.8611,-36.1432,-268.197,0.0696437
2088,2088,0,0.66085,0.0492528,0.726392,0.182229,52.1001,-37.5613,-268.232,52.1001,-37.5613,-268.232,0.0578333
2096,2096,0,0.658292,0.0391853,0.725774,0.195878,52.7524,-37.3444,-268.19,52.7524,-37.3444,-268.19,0.0764586
2104,2104,0,0.657021,0.0267059,0.724785,0.205662,52.2009,-38.4693,-268.569,52.2009,-38.4693,-268.569,0.0617094
2112,2112,0,0.660566,0.0153802,0.71881,0.216169,52.7474,-38.6077,-268.586,52.7474,-38.6077,-268.586,0.075563
2120,2120,0,0.667272,0.00642838,0.710811,0.222382,52.177,-39.1871,-269.377,52.177,-39.1871,-269.377,0.0640033
2128,2128,0,0.679367,-0.00278804,0.699315,0.222289,52.6376,-39.3495,-269.675,52.6376,-39.3495,-269.675,0.044305
2136,2136,0,0.69156,-0.00832206,0.688016,0.219794,52.4291,-39.4145,-270.768,52.4291,-39.4145,-270.768,0.0522748
2144,2144,0,0.705347,-0.0111552,0.675597,0.214315,52.6063,-39.3909,-270.919,52.6063,-39.3909,-270.919,0.0439222
2152,2152,0,0.719891,-0.0089879,0.662313,0.20741,52.6097,-38.8587,-272.101,52.6097,-38.8587,-272.101,0.0577446
2160,2160,0,0.735394,-0.0067644,0.64934,0.193671,52.6293,-38.7894,-272.432,52.6293,-38.7894,-272.432,0.0358193
2168,2168,0,0.749104,0.00249988,0.63672,0.182825,52.7686,-37.5812,-273.434,52.7686,-37.5812,-273.434,0.0500826
2176,2176,0,0.760633,0.00811647,0.627566,0.165929,52.6269,-37.8903,-273.362,52.6269,-37.8903,-273.362,0.0262813
2184,2184,0,0.7694,0.0204798,0.619414,0.154695,52.9678,-36.3857,-274.101,52.9678,-36.3857,-274.101,0.0483701
2192,2192,0,0.775168,0.0279785,0.616416,0.135518,52.8394,-36.4734,-274.113,52.8394,-36.4734,-274.113,0.0433861
2200,2200,0,0.776938,0.0405199,0.616314,0.121999,53.1263,-34.9135,-274.274,53.1263,-34.9135,-274.274,0.0545317
2208,2208,0,0.77527,0.0488085,0.620759,0.105983,52.8873,-35.4105,-273.723,52.8873,-35.4105,-273.723,0.02525
2216,2216,0,0.772386,0.0632593,0.624495,0.0970776,53.2544,-33.828,-273.792,53.2544,-33.828,-273.792,0.0414914
2224,2224,0,0.768518,0.0695706,0.630987,0.0799731,52.9942,-34.2962,-273.26,52.9942,-34.2962,-273.26,0.0186073
2232,2232,0,0.762412,0.0794012,0.638301,0.0706703,53.2935,-32.8874,-272.999,53.2935,-32.8874,-272.999,0.0390547
2240,2240,0,0.754358,0.0832885,0.648372,0.0601635,53.095,-33.6097,-272.306,53.095,-33.6097,-272.306,0.025505
2248,2248,0,0.745103,0.0970069,0.656614,0.0653391,53.2962,-32.3021,-271.82,53.2962,-32.3021,-271.82,0.0416446
2256,2256,0,0.735643,0.104862,0.665888,0.0665369,52.8962,-33.1043,-271.255,52.8962,-33.1043,-271.255,0.0340824
2264,2264,0,0.724433,0.11636,0.675044,0.0772858,53.1477,-32.1563,-270.615,53.1477,-32.1563,-270.615,0.0617767
2272,2272,0,0.712256,0.117467,0.687343,0.0803207,52.8402,-33.4476,-269.755,52.8402,-33.4476,-269.755,0.0695326
2280,2280,0,0.700573,0.122557,0.697463,0.0878825,53.0331,-32.5241,-269.134,53.0331,-32.5241,-269.134,0.0832239
2288,2288,0,0.690582,0.118879,0.708316,0.0851679,52.6622,-33.7316,-268.684,52.6622,-33.7316,-268.684,0.0644343
2296,2296,0,0.680159,0.11871,0.717529,0.0918874,52.9212,-32.8759,-268.09,52.9212,-32.8759,-268.09,0.0853388
2304,2304,0,0.670201,0.110956,0.728282,0.0901356,52.3914,-34.2014,-267.591,52.3914,-34.2014,-267.591,0.0624226
2312,2312,0,0.661242,0.107594,0.736251,0.0954796,52.7975,-33.2628,-267.007,52.7975,-33.2628,-267.007,0.0864306
2320,2320,0,0.653655,0.0989545,0.744548,0.0926883,52.5006,-34.6131,-266.782,52.5006,-34.6131,-266.782,0.0520018
2328,2328,0,0.6449,0.0978657,0.750801,0.104041,52.8743,-33.6884,-266.422,52.8743,-33.6884,-266.422,0.0885125
2336,2336,0,0.636632,0.0903497,0.758391,0.106679,52.4569,-35.0272,-266.195,52.4569,-35.0272,-266.195,0.0727895
2344,2344,0,0.630414,0.0827785,0.76392,0.110239,52.8899,-34.2246,-265.808,52.8899,-34.2246,-265.808,0.089879
2352,2352,0,0.624641,0.070608,0.770489,0.105763,52.5554,-35.5167,-265.711,52.5554,-35.5167,-265.711,0.0700206
2360,2360,0,0.61635,0.0655785,0.776216,0.11533,52.7264,-34.8505,-265.252,52.7264,-34.8505,-265.252,0.0860803
2368,2368,0,0.609825,0.0573177,0.78176,0.116962,52.3543,-36.1811,-264.831,52.3543,-36.1811,-264.831,0.0763358
2376,2376,0,0.605378,0.0508697,0.784801,0.122545,52.7167,-35.3633,-264.873,52.7167,-35.3633,-264.873,0.086801
2384,2384,0,0.601859,0.0389732,0.788653,0.119473,52.4766,-36.5785,-264.749,52.4766,-36.5785,-264.749,0.0639506
2392,2392,0,0.597259,0.030696,0.791461,0.126215,52.8191,-35.9629,-264.697,52.8191,-35.9629,-264.697,0.0760337
2400,2400,0,0.593457,0.0191523,0.794782,0.125554,52.4184,-37.1626,-264.249,52.4184,-37.1626,-264.249,0.0656151
2408,2408,0,0.590592,0.00775596,0.796649,0.128418,52.7601,-36.6535,-264.55,52.7601,-36.6535,-264.55,0.0805401
2416,2416,0,0.586616,-0.00634865,0.79964,0.128128,52.6676,-37.4715,-264.289,52.6676,-37.4715,-264.289,0.0628738
2424,2424,0,0.580535,-0.019564,0.802669,0.135349,52.7758,-37.562,-264.32,52.7758,-37.562,-264.32,0.0707652
2432,2432,0,0.575473,-0.0311736,0.804609,0.143052,52.6653,-38.3368,-263.877,52.6653,-38.3368,-263.877,0.0637097
2440,2440,0,0.571615,-0.0447148,0.80529,0.150883,52.8248,-38.4433,-264.287,52.8248,-38.4433,-264.287,0.0688294
2448,2448,0,0.568487,-0.0596002,0.805467,0.156507,52.8536,-38.9915,-263.871,52.8536,-38.9915,-263.871,0.059841
2456,2456,0,0.565209,-0.0730955,0.805003,0.164818,52.8113,-39.5185,-264.262,52.8113,-39.5185,-264.262,0.0732992
2464,2464,0,0.565116,-0.0852422,0.802227,0.172653,52.9475,-39.8285,-263.889,52.9475,-39.8285,-263.889,0.0724016
2472,2472,0,0.566596,-0.0981064,0.798867,0.176514,52.733,-40.6557,-264.48,52.733,-40.6557,-264.48,0.0707003
2480,2480,0,0.571377,-0.110576,0.792749,0.181247,53.2768,-40.5281,-264.589,53.2768,-40.5281,-264.589,0.0714165
2488,2488,0,0.574347,-0.117648,0.788064,0.187724,52.79,-41.5578,-264.945,52.79,-41.5578,-264.945,0.0732915
2496,2496,0,0.581214,-0.121492,0.779706,0.198715,53.3946,-40.816,-265.287,53.3946,-40.816,-265.287,0.0801524
2504,2504,0,0.589095,-0.127862,0.77253,0.199538,52.6913,-42.2428,-265.763,52.6913,-42.2428,-265.763,0.0640286
2512,2512,0,0.600631,-0.135417,0.761308,0.203257,53.4428,-41.2244,-266.373,53.4428,-41.2244,-266.373,0.0767354
2520,2520,0,0.609213,-0.143541,0.753383,0.201667,52.6717,-42.6913,-266.734,52.6717,-42.6913,-266.734,0.0505549
2528,2528,0,0.618746,-0.147146,0.742569,0.209984,53.5771,-41.6457,-267.619,53.5771,-41.6457,-267.619,0.0870316
2536,2536,0,0.625806,-0.150216,0.735222,0.212726,52.5509,-43.3592,-267.444,52.5509,-43.3592,-267.444,0.0519767
2544,2544,0,0.636484,-0.151451,0.722827,0.222424,53.6519,-41.9247,-268.737,53.6519,-41.9247,-268.737,0.0872907
2552,2552,0,0.646093,-0.157008,0.713789,0.22004,52.6174,-43.8437,-268.423,52.6174,-43.8437,-268.423,0.0506135
2560,2560,0,0.657167,-0.159597,0.700647,0.227497,53.797,-42.1852,-270.337,53.797,-42.1852,-270.337,0.0829882
2568,2568,0,0.666004,-0.16696,0.692266,0.222108,52.6233,-44.3169,-269.215,52.6233,-44.3169,-269.215,0.0411498
2576,2576,0,0.67642,-0.168576,0.679845,0.227704,53.8717,-42.4594,-271.422,53.8717,-42.4594,-271.422,0.0851625
2584,2584,0,0.684957,-0.173129,0.672618,0.220104,52.6705,-44.4118,-270.031,52.6705,-44.4118,-270.031,0.0438346
2592,2592,0,0.694659,-0.169759,0.662225,0.223805,53.8927,-42.4573,-272.463,53.8927,-42.4573,-272.463,0.0757618
2600,2600,0,0.703032,-0.169734,0.656824,0.213353,52.8256,-44.1627,-270.609,52.8256,-44.1627,-270.609,0.0445715
2608,2608,0,0.712276,-0.16078,0.648768,0.214273,53.8351,-41.9215,-273.505,53.8351,-41.9215,-273.505,0.0820449
2616,2616,0,0.721536,-0.154509,0.644177,0.20137,52.7203,-43.4797,-271.16,52.7203,-43.4797,-271.16,0.0463863
2624,2624,0,0.730533,-0.140675,0.637294,0.200967,53.6247,-41.2418,-274.343,53.6247,-41.2418,-274.343,0.0787113
2632,2632,0,0.739806,-0.133824,0.632906,0.184958,52.8013,-42.6312,-272.002,52.8013,-42.6312,-272.002,0.0279211
2640,2640,0,0.749453,-0.117889,0.625877,0.180834,53.4377,-40.4097,-274.939,53.4377,-40.4097,-274.939,0.0831721
2648,2648,0,0.760869,-0.104065,0.618747,0.165533,52.7998,-41.3201,-272.923,52.7998,-41.3201,-272.923,0.031282
2656,2656,0,0.770788,-0.0779327,0.609817,0.167139,53.2539,-39.0787,-275.474,53.2539,-39.0787,-275.474,0.0742273
2664,2664,0,0.780799,-0.061347,0.602309,0.154315,52.9846,-39.494,-273.9,52.9846,-39.494,-273.9,0.038372
2672,2672,0,0.788404,-0.048305,0.597332,0.13885,53.2831,-37.7948,-276.069,53.2831,-37.7948,-276.069,0.102297
2680,2680,0,0.795757,-0.040706,0.593951,0.111074,53.2452,-37.7348,-274.526,53.2452,-37.7348,-274.526,0.0370644
2688,2688,0,0.798908,-0.0293118,0.593546,0.0926792,53.2661,-36.4618,-276.097,53.2661,-36.4618,-276.097,0.0734067
2696,2696,0,0.800303,-0.0166409,0.594478,0.0763872,53.3289,-36.2092,-274.892,53.3289,-36.2092,-274.892,0.0507205
2704,2704,0,0.797378,-0.00288511,0.599751,0.0669234,53.3114,-35.2476,-275.729,53.3114,-35.2476,-275.729,0.0610914
2712,2712,0,0.792932,0.00645199,0.606987,0.0527512,53.3092,-34.9259,-274.523,53.3092,-34.9259,-274.523,0.042429
2720,2720,0,0.786151,0.0118404,0.616807,0.037082,53.2461,-34.3476,-274.701,53.2461,-34.3476,-274.701,0.045653
2728,2728,0,0.778739,0.0163039,0.626762,0.0216551,53.3072,-34.0184,-273.841,53.3072,-34.0184,-273.841,0.0422007
2736,2736,0,0.769106,0.021085,0.638674,0.0112845,53.1951,-33.5413,-273.927,53.1951,-33.5413,-273.927,0.0448016
2744,2744,0,0.758037,0.0250433,0.65172,0.00385364,53.0643,-33.2405,-272.759,53.0643,-33.2405,-272.759,0.0370349
2752,2752,0,0.745996,0.029326,0.665304,0.000810111,53.048,-33.3809,-272.214,53.048,-33.3809,-272.214,0.0590087
2760,2760,0,0.734611,0.0374618,0.677451,0.00169798,52.9386,-33.083,-271.158,52.9386,-33.083,-271.158,0.0843135
2768,2768,0,0.724284,0.0473362,0.687864,0.003945,53.0211,-32.9104,-270.829,53.0211,-32.9104,-270.829,0.0615769
2776,2776,0,0.714121,0.0576636,0.697604,0.00734062,52.871,-32.4821,-269.972,52.871,-32.4821,-269.972,0.072935
2784,2784,0,0.705037,0.0666699,0.705933,0.0116515,53.0252,-32.6317,-269.504,53.0252,-32.6317,-269.504,0.0829394
2792,2792,0,0.697224,0.0755577,0.712662,0.0168319,52.8295,-32.4456,-268.845,52.8295,-32.4456,-268.845,0.09149
2800,2800,0,0.690106,0.0828556,0.718654,0.0206048,52.9631,-32.2688,-268.761,52.9631,-32.2688,-268.761,0.0934919
2808,2808,0,0.680522,0.085687,0.727265,0.0251792,52.7849,-32.1162,-268.083,52.7849,-32.1162,-268.083,0.109016
2816,2816,0,0.669065,0.087145,0.737344,0.03289,52.9343,-32.5147,-267.53,52.9343,-32.5147,-267.53,0.0720026
2824,2824,0,0.656144,0.0851059,0.748684,0.0412937,52.6078,-32.7848,-266.543,52.6078,-32.7848,-266.543,0.0840608
2832,2832,0,0.645595,0.0808637,0.758001,0.0458553,52.7975,-33.2195,-266.119,52.7975,-33.2195,-266.119,0.0875982
2840,2840,0,0.635835,0.07524,0.766517,0.0500415,52.5544,-33.132,-265.706,52.5544,-33.132,-265.706,0.079991
2848,2848,0,0.627396,0.0664589,0.774188,0.0508965,52.8419,-33.4944,-265.6,52.8419,-33.4944,-265.6,0.0937426
2856,2856,0,0.616939,0.0560955,0.783096,0.0547796,52.5344,-33.5954,-264.848,52.5344,-33.5954,-264.848,0.0903201
2864,2864,0,0.608197,0.0449966,0.790483,0.0566524,52.7834,-34.4432,-264.425,52.7834,-34.4432,-264.425,0.0751018
2872,2872,0,0.599182,0.0383671,0.79697,0.0659367,52.5664,-34.1717,-264.226,52.5664,-34.1717,-264.226,0.0866873
2880,2880,0,0.5922,0.0319521,0.801927,0.0720662,52.7695,-35.0643,-263.815,52.7695,-35.0643,-263.815,0.077579
2888,2888,0,0.584175,0.0248752,0.807151,0.0814159,52.6079,-34.827,-263.648,52.6079,-34.827,-263.648,0.0795836
2896,2896,0,0.577576,0.0140328,0.811807,0.0847283,52.8204,-35.8714,-263.257,52.8204,-35.8714,-263.257,0.0620056
2904,2904,0,0.570527,0.00327866,0.815856,0.0941662,52.6737,-35.4163,-263.374,52.6737,-35.4163,-263.374,0.0761369
2912,2912,0,0.566053,-0.00791793,0.818465,0.0981715,52.6467,-36.6619,-262.795,52.6467,-36.6619,-262.795,0.071658
2920,2920,0,0.562757,-0.0164133,0.819136,0.109781,52.8206,-36.0954,-263.186,52.8206,-36.0954,-263.186,0.0913786
2928,2928,0,0.561917,-0.0246376,0.818825,0.114752,52.7591,-37.4632,-262.726,52.7591,-37.4632,-262.726,0.0707347
2936,2936,0,0.561929,-0.0298977,0.816626,0.128312,52.8575,-36.859,-263.423,52.8575,-36.859,-263.423,0.0881579
2944,2944,0,0.564791,-0.0387792,0.813661,0.132151,52.5568,-38.3457,-262.971,52.5568,-38.3457,-262.971,0.0777995
2952,2952,0,0.569473,-0.0480291,0.808162,0.14237,52.9012,-37.5437,-264.213,52.9012,-37.5437,-264.213,0.0896232
2960,2960,0,0.575345,-0.0597531,0.803043,0.143287,52.4103,-39.0808,-263.502,52.4103,-39.0808,-263.502,0.0632874
2968,2968,0,0.581663,-0.0694955,0.795986,0.152464,52.8406,-38.4937,-265.061,52.8406,-38.4937,-265.061,0.0832887
2976,2976,0,0.587353,-0.0821432,0.790133,0.154788,52.3419,-39.6909,-264.146,52.3419,-39.6909,-264.146,0.0589244
2984,2984,0,0.59436,-0.0948817,0.78208,0.161508,52.9639,-39.406,-265.979,52.9639,-39.406,-265.979,0.0943856
2992,2992,0,0.600632,-0.109178,0.775216,0.162363,52.4244,-40.3846,-265.097,52.4244,-40.3846,-265.097,0.0594649
3000,3000,0,0.606733,-0.124451,0.767195,0.166733,53.0729,-40.4514,-266.873,53.0729,-40.4514,-266.873,0.0813372
3008,3008,0,0.610599,-0.136756,0.760986,0.171369,52.409,-41.1875,-265.66,52.409,-41.1875,-265.66,0.0519838
3016,3016,0,0.615747,-0.148003,0.753051,0.17851,53.0842,-41.5439,-267.394,53.0842,-41.5439,-267.394,0.0845461
3024,3024,0,0.620645,-0.154855,0.745691,0.186455,52.6562,-41.7948,-266.527,52.6562,-41.7948,-266.527,0.0603898
3032,3032,0,0.627479,-0.161731,0.736857,0.192755,53.2778,-42.4942,-268.207,53.2778,-42.4942,-268.207,0.0736062
3040,3040,0,0.63465,-0.164225,0.728075,0.200394,52.8158,-42.1865,-267.473,52.8158,-42.1865,-267.473,0.067556
3048,3048,0,0.644826,-0.168438,0.717644,0.202028,53.1792,-43.2558,-268.948,53.1792,-43.2558,-268.948,0.0608115
3056,3056,0,0.656406,-0.169242,0.705798,0.205762,52.8494,-42.3559,-268.917,52.8494,-42.3559,-268.917,0.0551025
3064,3064,0,0.668307,-0.175429,0.693859,0.202858,53.2221,-43.6557,-269.971,53.2221,-43.6557,-269.971,0.0560249
3072,3072,0,0.679048,-0.175387,0.681975,0.207468,53.1056,-42.4156,-270.349,53.1056,-42.4156,-270.349,0.0782737
3080,3080,0,0.690205,-0.17997,0.67089,0.202819,53.2802,-44.098,-270.771,53.2802,-44.098,-270.771,0.057674
3088,3088,0,0.701569,-0.178909,0.658868,0.20417,53.3143,-42.3901,-271.718,53.3143,-42.3901,-271.718,0.061642
3096,3096,0,0.712254,-0.182976,0.64864,0.196166,53.3077,-44.2503,-271.493,53.3077,-44.2503,-271.493,0.0583007
3104,3104,0,0.721728,-0.176008,0.638718,0.200426,53.2596,-42.2064,-273.003,53.2596,-42.2064,-273.003,0.0637742
3112,3112,0,0.732402,-0.176331,0.629711,0.189629,53.2149,-43.9185,-272.24,53.2149,-43.9185,-272.24,0.0729887
3120,3120,0,0.743483,-0.168804,0.619903,0.185626,53.5538,-41.8384,-274.44,53.5538,-41.8384,-274.44,0.0770601
3128,3128,0,0.754759,-0.162742,0.611326,0.173594,53.2551,-43.2101,-272.896,53.2551,-43.2101,-272.896,0.0524469
3136,3136,0,0.764475,-0.144932,0.602509,0.177644,53.4685,-41.0544,-275.365,53.4685,-41.0544,-275.365,0.0682327
3144,3144,0,0.774944,-0.135295,0.59442,0.166801,53.305,-42.1659,-273.779,53.305,-42.1659,-273.779,0.0744614
3152,3152,0,0.784549,-0.125021,0.586554,0.157504,53.5746,-40.3556,-276.555,53.5746,-40.3556,-276.555,0.0908567
3160,3160,0,0.794634,-0.115776,0.578809,0.141892,53.4068,-41.0061,-274.586,53.4068,-41.0061,-274.586,0.0677821
3168,3168,0,0.800824,-0.099303,0.573107,0.142717,53.6226,-39.4713,-276.919,53.6226,-39.4713,-276.919,0.0822747
3176,3176,0,0.805659,-0.0868499,0.569382,0.138474,53.4009,-39.8211,-274.912,53.4009,-39.8211,-274.912,0.0729911
3184,3184,0,0.808635,-0.0801767,0.568009,0.130568,53.7055,-38.8478,-277.402,53.7055,-38.8478,-277.402,0.0988509
3192,3192,0,0.811563,-0.0715773,0.56773,0.118004,53.3955,-38.7593,-275.233,53.3955,-38.7593,-275.233,0.0557474
3200,3200,0,0.812357,-0.0671546,0.569127,0.107985,53.7814,-38.3126,-277.311,53.7814,-38.3126,-277.311,0.10171
3208,3208,0,0.81168,-0.0543068,0.571808,0.106121,53.4477,-37.8798,-275.431,53.4477,-37.8798,-275.431,0.0640757
3216,3216,0,0.809484,-0.0491093,0.575992,0.102748,53.6795,-37.7869,-276.804,53.6795,-37.7869,-276.804,0.0871421
3224,3224,0,0.807555,-0.0385592,0.580109,0.0992108,53.2938,-37.1683,-275.202,53.2938,-37.1683,-275.202,0.0522774
3232,3232,0,0.805756,-0.0332308,0.584233,0.0912406,53.6165,-37.0042,-276.303,53.6165,-37.0042,-276.303,0.0795522
3240,3240,0,0.803221,-0.0235195,0.589193,0.0844654,53.2101,-36.3933,-275.089,53.2101,-36.3933,-275.089,0.0491124
3248,3248,0,0.800314,-0.0182188,0.594517,0.0756063,53.5099,-36.3164,-275.86,53.5099,-36.3164,-275.86,0.0633101
3256,3256,0,0.796394,-0.00796128,0.600758,0.069156,53.1782,-35.4647,-274.902,53.1782,-35.4647,-274.902,0.0367607
3264,3264,0,0.79157,-0.00426624,0.608199,0.0591065,53.3859,-35.7477,-274.979,53.3859,-35.7477,-274.979,0.0662915
3272,3272,0,0.785544,0.00600391,0.616386,0.0543366,53.065,-34.744,-274.241,53.065,-34.744,-274.241,0.0263091
3280,3280,0,0.779488,0.0110716,0.624597,0.0464277,53.386,-35.0027,-273.957,53.386,-35.0027,-273.957,0.0437436
3288,3288,0,0.771377,0.0221817,0.634327,0.0459912,52.851,-34.0757,-273.507,52.851,-34.0757,-273.507,0.0424184
3296,3296,0,0.763688,0.0258639,0.643822,0.0400619,53.1669,-34.3331,-273.053,53.1669,-34.3331,-273.053,0.0358579
3304,3304,0,0.755241,0.0293584,0.653963,0.032882,52.853,-33.7023,-272.566,52.853,-33.7023,-272.566,0.0483614
3312,3312,0,0.747933,0.0313302,0.662558,0.0251521,53.2104,-33.8613,-272.175,53.2104,-33.8613,-272.175,0.0534273
3320,3320,0,0.739186,0.0370081,0.672035,0.0245784,52.7474,-33.4452,-271.533,52.7474,-33.4452,-271.533,0.0649609
3328,3328,0,0.731656,0.0433719,0.679797,0.0259833,53.0907,-33.5772,-271.135,53.0907,-33.5772,-271.135,0.0550808
3336,3336,0,0.72343,0.0515584,0.687832,0.0296267,52.7255,-32.9976,-270.639,52.7255,-32.9976,-270.639,0.0720323
3344,3344,0,0.715519,0.0572971,0.695484,0.0324387,52.9609,-33.1657,-270.253,52.9609,-33.1657,-270.253,0.0637109
3352,3352,0,0.70586,0.0608853,0.704846,0.035316,52.6553,-32.9856,-269.588,52.6553,-32.9856,-269.588,0.0863464
3360,3360,0,0.696282,0.0614986,0.714216,0.0361155,52.9562,-33.1721,-269.131,52.9562,-33.1721,-269.131,0.0728982
3368,3368,0,0.686017,0.0601379,0.724207,0.0359106,52.5811,-33.1318,-268.377,52.5811,-33.1318,-268.377,0.0950437
3376,3376,0,0.676544,0.0607195,0.732857,0.0390092,52.7104,-33.3804,-268.05,52.7104,-33.3804,-268.05,0.0786003
3384,3384,0,0.667251,0.0625296,0.7408,0.0456243,52.3526,-33.541,-267.164,52.3526,-33.541,-267.164,0.0910197
3392,3392,0,0.659385,0.063324,0.747393,0.0510562,52.5984,-33.4763,-267.118,52.5984,-33.4763,-267.118,0.0990892
3400,3400,0,0.651792,0.0587324,0.754281,0.0527042,52.5164,-33.6005,-266.522,52.5164,-33.6005,-266.522,0.0896075
3408,3408,0,0.644799,0.05302,0.760631,0.0535204,52.6371,-33.8582,-266.361,52.6371,-33.8582,-266.361,0.0876862
3416,3416,0,0.638703,0.0479904,0.765931,0.0557358,52.5618,-34.0675,-265.849,52.5618,-34.0675,-265.849,0.0933481
3424,3424,0,0.634044,0.0444541,0.769765,0.0589408,52.5305,-34.1488,-265.903,52.5305,-34.1488,-265.903,0.0816481
3432,3432,0,0.630164,0.0386011,0.773001,0.0622449,52.5875,-34.2723,-265.716,52.5875,-34.2723,-265.716,0.0729468
3440,3440,0,0.624773,0.0317032,0.777201,0.0679216,52.5179,-34.6141,-265.507,52.5179,-34.6141,-265.507,0.0759116
3448,3448,0,0.618502,0.0241126,0.781634,0.0769501,52.6033,-35.0147,-265.12,52.6033,-35.0147,-265.12,0.0799905
3456,3456,0,0.612646,0.0147654,0.785748,0.0839447,52.4298,-35.4535,-264.942,52.4298,-35.4535,-264.942,0.0788535
3464,3464,0,0.608457,0.00481574,0.788334,0.0910305,52.6668,-35.76,-264.985,52.6668,-35.76,-264.985,0.0875542
3472,3472,0,0.60443,-0.00617249,0.790739,0.0967385,52.3452,-36.1746,-264.707,52.3452,-36.1746,-264.707,0.0830789
3480,3480,0,0.601643,-0.0152037,0.791721,0.10475,52.712,-36.6247,-264.833,52.712,-36.6247,-264.833,0.0856413
3488,3488,0,0.598907,-0.0258406,0.792727,0.110575,52.2728,-36.8682,-264.626,52.2728,-36.8682,-264.626,0.0707962
3496,3496,0,0.597721,-0.0368063,0.792373,0.116278,52.7534,-37.3052,-264.931,52.7534,-37.3052,-264.931,0.0743188
3504,3504,0,0.595043,-0.0495773,0.793065,0.120475,52.269,-37.582,-264.551,52.269,-37.582,-264.551,0.0668127
3512,3512,0,0.593132,-0.0604948,0.792811,0.126439,52.7776,-38.22,-264.922,52.7776,-38.22,-264.922,0.0852544
3520,3520,0,0.591212,-0.0737208,0.792588,0.129763,52.2554,-38.3622,-264.494,52.2554,-38.3622,-264.494,0.0687551
3528,3528,0,0.590925,-0.0852673,0.790897,0.134238,52.8896,-38.9518,-265.1,52.8896,-38.9518,-265.1,0.083083
3536,3536,0,0.590784,-0.0972043,0.78895,0.138147,52.3262,-39.0111,-264.673,52.3262,-39.0111,-264.673,0.0673862
3544,3544,0,0.591649,-0.106571,0.78601,0.144162,52.9714,-39.8724,-265.395,52.9714,-39.8724,-265.395,0.0846579
3552,3552,0,0.592331,-0.114439,0.782962,0.151714,52.3082,-39.7199,-264.927,52.3082,-39.7199,-264.927,0.0627235
3560,3560,0,0.59491,-0.124424,0.778513,0.156584,52.9952,-40.662,-265.825,52.9952,-40.662,-265.825,0.0831662
3568,3568,0,0.597488,-0.133124,0.773544,0.164062,52.6268,-40.3431,-265.342,52.6268,-40.3431,-265.342,0.0535482
3576,3576,0,0.6001,-0.1425,0.768499,0.170246,53.0757,-41.5423,-266.207,53.0757,-41.5423,-266.207,0.0802298
3584,3584,0,0.604041,-0.149606,0.762158,0.178518,52.6639,-41.1396,-265.948,52.6639,-41.1396,-265.948,0.0456315
3592,3592,0,0.609254,-0.159619,0.755058,0.182262,53.205,-42.3688,-266.985,53.205,-42.3688,-266.985,0.0901169
3600,3600,0,0.615402,-0.164109,0.747137,0.190089,52.7249,-41.7061,-266.525,52.7249,-41.7061,-266.525,0.060204
3608,3608,0,0.621314,-0.171582,0.739465,0.194218,53.2125,-42.9078,-267.588,53.2125,-42.9078,-267.588,0.0745455
3616,3616,0,0.629295,-0.174191,0.730602,0.199666,53.0044,-42.2078,-267.654,53.0044,-42.2078,-267.654,0.0426753
3624,3624,0,0.636598,-0.179677,0.722596,0.200786,53.1635,-43.4504,-268.465,53.1635,-43.4504,-268.465,0.0762663
3632,3632,0,0.645464,-0.179511,0.713424,0.205377,53.0173,-42.5774,-268.386,53.0173,-42.5774,-268.386,0.0516907
3640,3640,0,0.653118,-0.184677,0.705408,0.204281,53.1246,-43.6649,-269.172,53.1246,-43.6649,-269.172,0.0700977
3648,3648,0,0.663436,-0.183423,0.696247,0.203592,53.1401,-42.6756,-269.527,53.1401,-42.6756,-269.527,0.0498543
3656,3656,0,0.671785,-0.186475,0.689064,0.197792,53.0199,-43.5103,-270.038,53.0199,-43.5103,-270.038,0.0624255
3664,3664,0,0.682133,-0.181681,0.680974,0.194838,53.3009,-42.5933,-270.483,53.3009,-42.5933,-270.483,0.0537222
3672,3672,0,0.690072,-0.18055,0.675209,0.187869,53.1373,-43.2722,-270.834,53.1373,-43.2722,-270.834,0.0619079
3680,3680,0,0.70047,-0.173283,0.668279,0.180884,53.321,-42.3028,-271.482,53.321,-42.3028,-271.482,0.0580959
3688,3688,0,0.710476,-0.169871,0.662074,0.16741,52.7792,-42.5684,-271.463,52.7792,-42.5684,-271.463,0.056291
3696,3696,0,0.723891,-0.159623,0.652956,0.155409,53.3716,-41.454,-272.426,53.3716,-41.454,-272.426,0.0618492
3704,3704,0,0.735251,-0.151432,0.64561,0.140222,52.8277,-41.3685,-272.401,52.8277,-41.3685,-272.401,0.0571182
3712,3712,0,0.748183,-0.138234,0.636436,0.126735,53.3246,-40.4164,-273.754,53.3246,-40.4164,-273.754,0.0460745
3720,3720,0,0.758659,-0.126003,0.629251,0.112261,52.7006,-39.991,-273.544,52.7006,-39.991,-273.544,0.0535488
3728,3728,0,0.769607,-0.113725,0.620753,0.0971412,53.3764,-39.2511,-274.605,53.3764,-39.2511,-274.605,0.0536712
3736,3736,0,0.776874,-0.101829,0.615815,0.0828831,52.8169,-38.5471,-274.245,52.8169,-38.5471,-274.245,0.0479201
3744,3744,0,0.782244,-0.093237,0.612041,0.0693348,53.4066,-38.1565,-274.916,53.4066,-38.1565,-274.916,0.0579181
3752,3752,0,0.783294,-0.0844958,0.612905,0.0604801,52.8813,-37.4939,-274.487,52.8813,-37.4939,-274.487,0.0580628
3760,3760,0,0.783979,-0.0791977,0.613499,0.0521917,53.4829,-37.4848,-274.904,53.4829,-37.4848,-274.904,0.068547
3768,3768,0,0.781996,-0.0708995,0.617275,0.0492664,52.8516,-36.8089,-274.559,52.8516,-36.8089,-274.559,0.0410977
3776,3776,0,0.77997,-0.0676004,0.620433,0.0462596,53.4517,-37.2176,-274.627,53.4517,-37.2176,-274.627,0.0532806
3784,3784,0,0.774863,-0.0581983,0.627253,0.0524804,52.772,-36.2919,-274.324,52.772,-36.2919,-274.324,0.0426096
3792,3792,0,0.769821,-0.0574527,0.633505,0.0524042,53.1715,-37.0804,-273.929,53.1715,-37.0804,-273.929,0.0517931
3800,3800,0,0.762867,-0.0489022,0.641837,0.0607255,52.6295,-36.0292,-273.698,52.6295,-36.0292,-273.698,0.0392834
3808,3808,0,0.756746,-0.0491052,0.64885,0.0625979,53.0923,-37.0664,-272.86,53.0923,-37.0664,-272.86,0.0493013
3816,3816,0,0.74844,-0.0417744,0.657746,0.0739157,52.5192,-35.9623,-273.067,52.5192,-35.9623,-273.067,0.036683
3824,3824,0,0.740553,-0.046172,0.666062,0.0762297,52.8926,-37.2851,-272.118,52.8926,-37.2851,-272.118,0.0578337
3832,3832,0,0.730474,-0.0438981,0.675962,0.0869273,52.4303,-36.2697,-272.2,52.4303,-36.2697,-272.2,0.0560108
3840,3840,0,0.721238,-0.0515607,0.684969,0.0893006,52.6763,-37.8457,-270.826,52.6763,-37.8457,-270.826,0.057389
3848,3848,0,0.710262,-0.0494739,0.694591,0.103075,52.3462,-36.6055,-271.424,52.3462,-36.6055,-271.424,0.0674502
3856,3856,0,0.699555,-0.0576884,0.704065,0.107642,52.3921,-38.4336,-269.747,52.3921,-38.4336,-269.747,0.0628662
3864,3864,0,0.688594,-0.0569913,0.712558,0.121873,52.4133,-37.3348,-270.235,52.4133,-37.3348,-270.235,0.0786627
3872,3872,0,0.678308,-0.0640223,0.720838,0.12725,52.4228,-38.9366,-268.719,52.4228,-38.9366,-268.719,0.068404
3880,3880,0,0.670237,-0.0653926,0.726434,0.137114,52.5642,-37.8337,-269.308,52.5642,-37.8337,-269.308,0.076878
3888,3888,0,0.663179,-0.073864,0.731976,0.137653,52.2578,-39.4833,-268.012,52.2578,-39.4833,-268.012,0.0835043
3896,3896,0,0.65955,-0.0761696,0.733732,0.144326,52.6649,-38.2852,-268.985,52.6649,-38.2852,-268.985,0.0896022
3904,3904,0,0.655398,-0.0849931,0.736613,0.143636,52.3101,-39.7582,-267.73,52.3101,-39.7582,-267.73,0.0759872
3912,3912,0,0.654488,-0.0893151,0.735943,0.148515,52.8253,-38.7535,-268.806,52.8253,-38.7535,-268.806,0.095161
3920,3920,0,0.651452,-0.0990762,0.737367,0.148609,52.3186,-40.1826,-267.72,52.3186,-40.1826,-267.72,0.076195
3928,3928,0,0.651863,-0.103334,0.735016,0.155398,52.951,-39.1455,-268.798,52.951,-39.1455,-268.798,0.0835107
3936,3936,0,0.648743,-0.109863,0.735748,0.160431,52.2666,-40.5504,-267.823,52.2666,-40.5504,-267.823,0.0670287
3944,3944,0,0.650188,-0.111778,0.732145,0.169482,52.9862,-39.9203,-268.738,52.9862,-39.9203,-268.738,0.0828155
3952,3952,0,0.649501,-0.115015,0.730918,0.175155,52.2209,-41.0511,-267.926,52.2209,-41.0511,-267.926,0.0668033
3960,3960,0,0.654768,-0.115954,0.724997,0.179482,53.0689,-40.3754,-269.014,53.0689,-40.3754,-269.014,0.0692822
3968,3968,0,0.657721,-0.119783,0.722102,0.177833,52.2494,-41.1231,-268.538,52.2494,-41.1231,-268.538,0.0597592
3976,3976,0,0.665358,-0.119968,0.715507,0.175945,53.1355,-40.4081,-269.6,53.1355,-40.4081,-269.6,0.0739544
3984,3984,0,0.670148,-0.120718,0.712163,0.170741,52.2459,-40.8326,-269.087,52.2459,-40.8326,-269.087,0.0610082
3992,3992,0,0.679416,-0.11794,0.705183,0.164926,53.1271,-40.2672,-270.288,53.1271,-40.2672,-270.288,0.0742029
4000,4000,0,0.68607,-0.114612,0.701022,0.15729,52.2482,-40.3608,-269.853,52.2482,-40.3608,-269.853,0.0537621
4008,4008,0,0.69637,-0.109197,0.693579,0.148639,52.9307,-39.8628,-270.818,52.9307,-39.8628,-270.818,0.0605662
4016,4016,0,0.703666,-0.103675,0.68891,0.139676,52.1442,-39.5878,-270.665,52.1442,-39.5878,-270.665,0.0401433
4024,4024,0,0.713108,-0.0983112,0.682004,0.129159,52.9569,-39.1641,-271.464,52.9569,-39.1641,-271.464,0.0651344
4032,4032,0,0.718997,-0.0915131,0.678595,0.119072,52.1496,-38.7454,-271.492,52.1496,-38.7454,-271.492,0.0461223
4040,4040,0,0.726891,-0.0868481,0.672933,0.106062,52.9463,-38.596,-271.848,52.9463,-38.596,-271.848,0.050943
4048,4048,0,0.730724,-0.0797554,0.671029,0.0969623,52.3464,-37.7504,-272.166,52.3464,-37.7504,-272.166,0.0454626
4056,4056,0,0.734429,-0.0765553,0.6688,0.0863768,52.7998,-38.0135,-271.924,52.7998,-38.0135,-271.924,0.0509705
4064,4064,0,0.734589,-0.0696414,0.66969,0.0839357,52.3874,-37.0842,-272.428,52.3874,-37.0842,-272.428,0.0404876
4072,4072,0,0.735525,-0.0688371,0.669442,0.0781814,52.956,-37.687,-271.906,52.956,-37.687,-271.906,0.0605052
4080,4080,0,0.733436,-0.0626883,0.67216,0.079653,52.4296,-36.7517,-272.444,52.4296,-36.7517,-272.444,0.0571545
4088,4088,0,0.732063,-0.0650114,0.673898,0.0756299,52.8045,-37.6862,-271.464,52.8045,-37.6862,-271.464,0.0590854
4096,4096,0,0.727981,-0.0591286,0.678245,0.0808225,52.4016,-36.4113,-272.488,52.4016,-36.4113,-272.488,0.0541935
4104,4104,0,0.724275,-0.0642797,0.682157,0.0771769,52.5781,-37.916,-270.709,52.5781,-37.916,-270.709,0.0594684
4112,4112,0,0.719097,-0.0587674,0.68722,0.0847072,52.4586,-36.5366,-271.936,52.4586,-36.5366,-271.936,0.0713131
4120,4120,0,0.714712,-0.0620461,0.691621,0.0836543,52.5818,-37.9203,-270.248,52.5818,-37.9203,-270.248,0.0695193
4128,4128,0,0.709816,-0.0558144,0.696181,0.0915359,52.487,-36.5793,-271.37,52.487,-36.5793,-271.37,0.0719592
4136,4136,0,0.705439,-0.0585663,0.700516,0.0905665,52.3257,-38.0006,-269.623,52.3257,-38.0006,-269.623,0.0683054
4144,4144,0,0.700845,-0.0522636,0.704319,0.100101,52.4489,-36.6431,-270.888,52.4489,-36.6431,-270.888,0.073318
4152,4152,0,0.696957,-0.0568958,0.707908,0.0993938,52.3012,-38.172,-269.119,52.3012,-38.172,-269.119,0.0593663
4160,4160,0,0.69447,-0.0532386,0.709467,0.107397,52.5799,-36.8534,-270.715,52.5799,-36.8534,-270.715,0.0836106
4168,4168,0,0.69212,-0.0579141,0.711358,0.107639,52.2794,-38.2555,-269.042,52.2794,-38.2555,-269.042,0.074319
4176,4176,0,0.690893,-0.0553527,0.711428,0.116074,52.7037,-37.0577,-270.606,52.7037,-37.0577,-270.606,0.0908053
4184,4184,0,0.688377,-0.060004,0.713246,0.117546,52.2437,-38.6156,-268.932,52.2437,-38.6156,-268.932,0.0613978
4192,4192,0,0.687309,-0.0579018,0.712982,0.126144,52.7114,-37.4364,-270.389,52.7114,-37.4364,-270.389,0.0890907
4200,4200,0,0.685176,-0.0619525,0.71457,0.126834,52.0585,-38.8042,-268.866,52.0585,-38.8042,-268.866,0.0678091
4208,4208,0,0.685627,-0.0593924,0.713214,0.133098,52.6772,-37.6595,-270.255,52.6772,-37.6595,-270.255,0.0747029
4216,4216,0,0.685052,-0.0639885,0.713843,0.130527,52.1057,-38.8414,-268.924,52.1057,-38.8414,-268.924,0.0701982
4224,4224,0,0.686774,-0.0628796,0.711746,0.133432,52.8015,-37.8182,-270.396,52.8015,-37.8182,-270.396,0.0845915
4232,4232,0,0.686204,-0.0663431,0.712393,0.131218,52.1214,-38.8939,-269.146,52.1214,-38.8939,-269.146,0.0670984
4240,4240,0,0.687711,-0.0632516,0.710448,0.135338,52.8527,-37.8689,-270.477,52.8527,-37.8689,-270.477,0.0775937
4248,4248,0,0.686182,-0.0658662,0.711983,0.133778,52.0677,-38.8327,-269.283,52.0677,-38.8327,-269.283,0.0656172
4256,4256,0,0.686416,-0.0625146,0.711028,0.139157,52.838,-37.9926,-270.381,52.838,-37.9926,-270.381,0.0692055
4264,4264,0,0.684168,-0.0656463,0.713237,0.137465,52.0826,-39.0301,-269.098,52.0826,-39.0301,-269.098,0.0639056
4272,4272,0,0.683912,-0.0644375,0.712897,0.141033,52.8414,-38.1463,-270.144,52.8414,-38.1463,-270.144,0.0709175
4280,4280,0,0.681584,-0.0671706,0.715082,0.139962,52.2265,-38.8454,-269.152,52.2265,-38.8454,-269.152,0.0666832
4288,4288,0,0.681574,-0.0652826,0.714662,0.143018,52.7898,-38.3687,-269.921,52.7898,-38.3687,-269.921,0.0632497
4296,4296,0,0.679988,-0.0648957,0.716218,0.142964,52.1224,-38.7036,-269.229,52.1224,-38.7036,-269.229,0.0598723
4304,4304,0,0.681273,-0.0639306,0.715109,0.142828,52.7244,-38.3874,-269.752,52.7244,-38.3874,-269.752,0.0679883
4312,4312,0,0.680757,-0.0647387,0.716156,0.139646,52.3475,-38.5402,-269.472,52.3475,-38.5402,-269.472,0.0701392
4320,4320,0,0.681467,-0.0637484,0.715752,0.138701,52.7985,-38.3839,-269.728,52.7985,-38.3839,-269.728,0.0698558
4328,4328,0,0.681391,-0.0626357,0.716408,0.136174,52.2986,-38.3456,-269.44,52.2986,-38.3456,-269.44,0.0794358
4336,4336,0,0.683568,-0.0608629,0.714827,0.134364,52.6515,-38.2943,-269.521,52.6515,-38.2943,-269.521,0.068792
4344,4344,0,0.685013,-0.0585246,0.714055,0.132132,52.2821,-37.9031,-269.878,52.2821,-37.9031,-269.878,0.0770892
