72,72,0,0.561582,0.494556,0.382152,0.542219,52.9985,-32.9946,-263.151,52.9985,-32.9946,-263.151,0.135438
80,80,0,0.564265,0.487044,0.382422,0.54603,52.9725,-33.1496,-263.663,52.9725,-33.1496,-263.663,0.142547
88,88,0,0.567032,0.478868,0.382538,0.550296,52.9188,-33.2841,-263.864,52.9188,-33.2841,-263.864,0.125017
96,96,0,0.568573,0.470438,0.383235,0.555467,52.9264,-33.6211,-264.297,52.9264,-33.6211,-264.297,0.128385
104,104,0,0.568768,0.461978,0.384272,0.561619,52.8671,-33.8152,-264.35,52.8671,-33.8152,-264.35,0.13734
112,112,0,0.567159,0.453925,0.385863,0.568676,52.8713,-34.2442,-264.627,52.8713,-34.2442,-264.627,0.120273
120,120,0,0.566898,0.44422,0.390017,0.573745,52.8882,-34.2889,-265.065,52.8882,-34.2889,-265.065,0.137017
128,128,0,0.566252,0.434672,0.39507,0.578221,52.8791,-34.9549,-264.985,52.8791,-34.9549,-264.985,0.125314
136,136,0,0.563065,0.427661,0.399162,0.583724,52.7722,-35.0379,-265.319,52.7722,-35.0379,-265.319,0.138406
144,144,0,0.558044,0.422505,0.403445,0.589329,52.8057,-35.6234,-265.174,52.8057,-35.6234,-265.174,0.113686
152,152,0,0.553348,0.417848,0.409917,0.592602,52.7302,-35.7135,-265.323,52.7302,-35.7135,-265.323,0.152454
160,160,0,0.547088,0.415329,0.41607,0.595888,52.7647,-36.3381,-265.006,52.7647,-36.3381,-265.006,0.107098
168,168,0,0.538629,0.415511,0.421208,0.599845,52.7009,-36.2485,-265.174,52.7009,-36.2485,-265.174,0.161759
176,176,0,0.530947,0.416402,0.426184,0.602555,52.7119,-37.007,-264.534,52.7119,-37.007,-264.534,0.0908441
184,184,0,0.524746,0.417517,0.4313,0.603573,52.6463,-36.6819,-264.802,52.6463,-36.6819,-264.802,0.158142
192,192,0,0.519228,0.419805,0.435728,0.603578,52.679,-37.3149,-264.086,52.679,-37.3149,-264.086,0.09249
200,200,0,0.511198,0.424317,0.439441,0.604586,52.6985,-36.9471,-264.506,52.6985,-36.9471,-264.506,0.172971
208,208,0,0.503688,0.429775,0.443694,0.603927,52.7057,-37.5371,-263.511,52.7057,-37.5371,-263.511,0.075628
216,216,0,0.493809,0.436777,0.447843,0.604,52.6764,-37.1815,-263.72,52.6764,-37.1815,-263.72,0.174921
224,224,0,0.486082,0.443551,0.452476,0.601874,52.6934,-37.649,-262.795,52.6934,-37.649,-262.795,0.0962563
232,232,0,0.478166,0.449925,0.457838,0.599424,52.7825,-37.3498,-263.067,52.7825,-37.3498,-263.067,0.179439
240,240,0,0.473116,0.455608,0.464073,0.594322,52.6643,-37.7596,-261.927,52.6643,-37.7596,-261.927,0.0962798
248,248,0,0.466474,0.461965,0.469392,0.590477,52.7405,-37.3828,-262.137,52.7405,-37.3828,-262.137,0.176645
256,256,0,0.461925,0.468136,0.474572,0.585026,52.6928,-37.7002,-261.09,52.6928,-37.7002,-261.09,0.103005
264,264,0,0.455229,0.475628,0.477489,0.581849,52.8563,-37.2128,-261.457,52.8563,-37.2128,-261.457,0.183239
272,272,0,0.452494,0.482557,0.479486,0.576612,52.6933,-37.5751,-260.298,52.6933,-37.5751,-260.298,0.100102
280,280,0,0.451229,0.487673,0.481269,0.571793,52.9858,-37.1126,-260.83,52.9858,-37.1126,-260.83,0.182211
288,288,0,0.453249,0.491902,0.483575,0.564581,52.829,-37.0841,-260.053,52.829,-37.0841,-260.053,0.0976155
296,296,0,0.450362,0.499852,0.482275,0.561011,52.8846,-36.8765,-260.162,52.8846,-36.8765,-260.162,0.170916
304,304,0,0.448189,0.508539,0.479639,0.557191,52.7871,-36.9842,-259.325,52.7871,-36.9842,-259.325,0.133012
312,312,0,0.447151,0.515531,0.477621,0.55332,53.0492,-36.6753,-259.492,53.0492,-36.6753,-259.492,0.181224
320,320,0,0.449226,0.521045,0.476079,0.547774,52.844,-36.5029,-258.875,52.844,-36.5029,-258.875,0.136423
328,328,0,0.452566,0.525093,0.474383,0.542606,53.0833,-36.1938,-259.227,53.0833,-36.1938,-259.227,0.168348
336,336,0,0.457743,0.52792,0.47298,0.536713,52.8658,-35.8919,-258.827,52.8658,-35.8919,-258.827,0.144253
344,344,0,0.46367,0.529509,0.470922,0.531848,53.0937,-35.7293,-258.965,53.0937,-35.7293,-258.965,0.165382
352,352,0,0.470419,0.530545,0.467923,0.527519,52.7901,-35.3741,-258.782,52.7901,-35.3741,-258.782,0.139407
360,360,0,0.476858,0.531199,0.46255,0.525816,52.9934,-35.1275,-259.188,52.9934,-35.1275,-259.188,0.163837
368,368,0,0.484358,0.530066,0.457912,0.524161,52.8289,-34.7991,-259.342,52.8289,-34.7991,-259.342,0.156296
376,376,0,0.491919,0.527709,0.453066,0.523708,53.0785,-34.7391,-259.803,53.0785,-34.7391,-259.803,0.158981
384,384,0,0.499224,0.524605,0.448204,0.524097,52.8392,-34.4566,-259.916,52.8392,-34.4566,-259.916,0.139943
392,392,0,0.505647,0.521308,0.441658,0.52678,52.9676,-34.4329,-260.496,52.9676,-34.4329,-260.496,0.156234
400,400,0,0.51239,0.516629,0.435934,0.529634,52.7569,-34.1788,-260.749,52.7569,-34.1788,-260.749,0.149546
408,408,0,0.519192,0.511028,0.429941,0.53333,52.9603,-34.1593,-261.229,52.9603,-34.1593,-261.229,0.155635
416,416,0,0.524771,0.504616,0.426007,0.537119,52.7286,-34.0059,-261.552,52.7286,-34.0059,-261.552,0.135296
424,424,0,0.530066,0.497058,0.422333,0.541848,52.901,-34.2525,-262.006,52.901,-34.2525,-262.006,0.15241
432,432,0,0.53692,0.487216,0.421162,0.544941,52.7125,-34.1996,-262.387,52.7125,-34.1996,-262.387,0.139956
440,440,0,0.544053,0.476798,0.419428,0.548407,52.8459,-34.2668,-263.097,52.8459,-34.2668,-263.097,0.129414
448,448,0,0.551136,0.465496,0.419278,0.551153,52.7708,-34.3363,-263.304,52.7708,-34.3363,-263.304,0.15251
456,456,0,0.556925,0.454872,0.419213,0.554245,52.8278,-34.5582,-263.687,52.8278,-34.5582,-263.687,0.126069
464,464,0,0.56183,0.443766,0.420805,0.557084,52.7951,-34.462,-264.275,52.7951,-34.462,-264.275,0.144781
472,472,0,0.565027,0.433246,0.423486,0.56009,52.8502,-34.9093,-264.521,52.8502,-34.9093,-264.521,0.1249
480,480,0,0.564877,0.424316,0.42708,0.564335,52.7531,-35.1429,-264.605,52.7531,-35.1429,-264.605,0.127483
488,488,0,0.563452,0.416067,0.431636,0.568419,52.8465,-35.5505,-264.858,52.8465,-35.5505,-264.858,0.107718
496,496,0,0.560274,0.408123,0.437462,0.572849,52.792,-35.8721,-264.923,52.792,-35.8721,-264.923,0.133131
504,504,0,0.557514,0.399629,0.444949,0.575757,52.6916,-36.3962,-264.709,52.6916,-36.3962,-264.709,0.120773
512,512,0,0.552113,0.392301,0.452461,0.580129,52.7008,-36.6639,-264.944,52.7008,-36.6639,-264.944,0.141422
520,520,0,0.546547,0.385534,0.460564,0.58355,52.6355,-37.0958,-264.753,52.6355,-37.0958,-264.753,0.109879
528,528,0,0.538654,0.380419,0.468472,0.587934,52.8013,-37.477,-264.879,52.8013,-37.477,-264.879,0.140425
536,536,0,0.529204,0.376889,0.477166,0.591786,52.721,-37.9218,-264.385,52.721,-37.9218,-264.385,0.102591
544,544,0,0.517258,0.374618,0.485932,0.596638,52.9691,-38.4828,-264.519,52.9691,-38.4828,-264.519,0.137095
552,552,0,0.50721,0.372861,0.495668,0.598353,52.6541,-38.7972,-263.736,52.6541,-38.7972,-263.736,0.0927903
560,560,0,0.495824,0.373316,0.503759,0.60085,52.9511,-39.1795,-263.857,52.9511,-39.1795,-263.857,0.144443
568,568,0,0.484684,0.376896,0.510803,0.601757,52.6661,-39.171,-263.107,52.6661,-39.171,-263.107,0.0738581
576,576,0,0.473806,0.381399,0.517391,0.601955,53.1187,-39.7976,-263.052,53.1187,-39.7976,-263.052,0.13427
584,584,0,0.464555,0.387979,0.523621,0.599568,52.6994,-39.4575,-262.195,52.6994,-39.4575,-262.195,0.0874896
592,592,0,0.456659,0.39427,0.529783,0.596108,53.1566,-39.8103,-262.365,53.1566,-39.8103,-262.365,0.134452
600,600,0,0.448696,0.403603,0.533824,0.592291,52.8101,-39.3552,-261.301,52.8101,-39.3552,-261.301,0.0867904
608,608,0,0.440768,0.413255,0.537247,0.588481,53.2897,-39.8508,-261.293,53.2897,-39.8508,-261.293,0.129734
616,616,0,0.434154,0.424255,0.539219,0.583747,52.7481,-39.1821,-260.299,52.7481,-39.1821,-260.299,0.0948841
624,624,0,0.429507,0.434756,0.539947,0.578765,53.2939,-39.4431,-260.519,53.2939,-39.4431,-260.519,0.137987
632,632,0,0.42389,0.448327,0.538124,0.574232,52.8131,-38.7864,-259.563,52.8131,-38.7864,-259.563,0.101026
640,640,0,0.418803,0.462216,0.53531,0.569565,53.2121,-39.1118,-259.464,53.2121,-39.1118,-259.464,0.135134
648,648,0,0.414508,0.476029,0.531276,0.565089,52.8578,-38.4517,-258.596,52.8578,-38.4517,-258.596,0.130779
656,656,0,0.414619,0.48634,0.528272,0.55901,53.2506,-38.5987,-258.782,53.2506,-38.5987,-258.782,0.142007
664,664,0,0.415627,0.496141,0.523532,0.554088,52.9323,-37.8331,-258.212,52.9323,-37.8331,-258.212,0.143493
672,672,0,0.420328,0.502847,0.519814,0.547963,53.256,-37.8035,-258.446,53.256,-37.8035,-258.446,0.15059
680,680,0,0.425404,0.508922,0.515195,0.542776,52.9725,-37.0014,-258.142,52.9725,-37.0014,-258.142,0.13916
688,688,0,0.433299,0.511908,0.513035,0.535722,53.1202,-37.1447,-258.053,53.1202,-37.1447,-258.053,0.156084
696,696,0,0.438568,0.51563,0.50867,0.532014,53.0013,-36.4449,-258.044,53.0013,-36.4449,-258.044,0.156923
704,704,0,0.445644,0.51763,0.505229,0.527451,53.0667,-36.6202,-258.127,53.0667,-36.6202,-258.127,0.150247
712,712,0,0.451371,0.520145,0.498853,0.526175,53.0392,-35.9326,-258.354,53.0392,-35.9326,-258.354,0.160915
720,720,0,0.459466,0.520025,0.494952,0.52296,53.0719,-36.0077,-258.379,53.0719,-36.0077,-258.379,0.150458
728,728,0,0.466153,0.519767,0.490037,0.521928,53.0231,-35.3811,-258.78,53.0231,-35.3811,-258.78,0.156329
736,736,0,0.474176,0.518408,0.486297,0.519543,52.9292,-35.5619,-258.752,52.9292,-35.5619,-258.752,0.14916
744,744,0,0.480191,0.517922,0.480071,0.520294,52.9182,-34.9568,-259.218,52.9182,-34.9568,-259.218,0.163103
752,752,0,0.489551,0.515116,0.475497,0.518553,52.8596,-35.1581,-259.264,52.8596,-35.1581,-259.264,0.144766
760,760,0,0.498539,0.512143,0.469221,0.518653,53.004,-34.5517,-260,53.004,-34.5517,-260,0.158758
768,768,0,0.509635,0.507548,0.464889,0.516282,52.8408,-34.6359,-260.042,52.8408,-34.6359,-260.042,0.151157
776,776,0,0.519371,0.50405,0.457792,0.516347,52.8614,-34.0761,-260.628,52.8614,-34.0761,-260.628,0.147922
784,784,0,0.531907,0.498864,0.451253,0.514375,52.8336,-34.0209,-260.898,52.8336,-34.0209,-260.898,0.134957
792,792,0,0.543919,0.494284,0.44247,0.513865,52.9973,-33.4933,-261.746,52.9973,-33.4933,-261.746,0.154639
800,800,0,0.555409,0.489366,0.435021,0.512638,52.8229,-33.5113,-261.821,52.8229,-33.5113,-261.821,0.127814
808,808,0,0.566218,0.483792,0.427032,0.512821,52.9598,-33.2867,-262.403,52.9598,-33.2867,-262.403,0.159833
816,816,0,0.579301,0.476141,0.42025,0.510969,52.8725,-33.2093,-262.663,52.8725,-33.2093,-262.663,0.137537
824,824,0,0.590617,0.469936,0.409674,0.512346,53.0978,-32.6302,-263.606,53.0978,-32.6302,-263.606,0.155426
832,832,0,0.602072,0.462881,0.400679,0.51255,52.996,-32.4609,-263.946,52.996,-32.4609,-263.946,0.124171
840,840,0,0.611793,0.455252,0.39219,0.514434,53.261,-32.4644,-264.586,53.261,-32.4644,-264.586,0.144727
848,848,0,0.622529,0.445989,0.385555,0.514683,53.2393,-32.5023,-264.861,53.2393,-32.5023,-264.861,0.121177
856,856,0,0.631455,0.437052,0.377957,0.517105,53.3607,-32.3421,-265.442,53.3607,-32.3421,-265.442,0.131309
864,864,0,0.640145,0.426661,0.373684,0.518204,53.2563,-32.3103,-265.825,53.2563,-32.3103,-265.825,0.130447
872,872,0,0.644569,0.417617,0.369625,0.522976,53.3471,-32.6045,-266.251,53.3471,-32.6045,-266.251,0.115637
880,880,0,0.650972,0.406308,0.36916,0.524281,53.4243,-32.6384,-266.794,53.4243,-32.6384,-266.794,0.163136
888,888,0,0.653145,0.397459,0.367917,0.529213,53.5006,-32.9323,-267.154,53.5006,-32.9323,-267.154,0.140612
896,896,0,0.656457,0.386894,0.370245,0.531316,53.4699,-33.1024,-267.338,53.4699,-33.1024,-267.338,0.154256
904,904,0,0.653605,0.379212,0.371968,0.53911,53.614,-33.6275,-267.582,53.614,-33.6275,-267.582,0.143314
912,912,0,0.652592,0.369966,0.377351,0.543006,53.4984,-33.9103,-267.628,53.4984,-33.9103,-267.628,0.15296
920,920,0,0.647291,0.363517,0.381164,0.550985,53.5075,-34.5104,-267.797,53.5075,-34.5104,-267.797,0.140288
928,928,0,0.643164,0.357252,0.385568,0.55682,53.388,-34.6807,-267.759,53.388,-34.6807,-267.759,0.156228
936,936,0,0.634637,0.353396,0.389909,0.565967,53.4124,-35.3907,-267.756,53.4124,-35.3907,-267.756,0.137399
944,944,0,0.6287,0.348715,0.39662,0.570814,53.1772,-35.4529,-267.69,53.1772,-35.4529,-267.69,0.147612
952,952,0,0.619195,0.345669,0.401672,0.579457,53.3795,-36.4156,-267.432,53.3795,-36.4156,-267.432,0.13469
960,960,0,0.610143,0.345488,0.404708,0.587006,53.1991,-36.1685,-267.672,53.1991,-36.1685,-267.672,0.152429
968,968,0,0.601529,0.344288,0.408206,0.594135,53.2514,-36.9253,-267.524,53.2514,-36.9253,-267.524,0.116919
976,976,0,0.595717,0.343087,0.411305,0.598534,53.0611,-36.7412,-267.452,53.0611,-36.7412,-267.452,0.141502
984,984,0,0.590827,0.339619,0.41722,0.601258,53.1645,-37.6004,-267.146,53.1645,-37.6004,-267.146,0.122
992,992,0,0.58586,0.338222,0.422922,0.602919,53.0524,-37.1599,-267.307,53.0524,-37.1599,-267.307,0.151367
1000,1000,0,0.578415,0.336657,0.431878,0.604631,53.0486,-38.1097,-266.825,53.0486,-38.1097,-266.825,0.122669
1008,1008,0,0.568361,0.339238,0.438154,0.608197,53.046,-37.667,-266.891,53.046,-37.667,-266.891,0.143265
1016,1016,0,0.558743,0.339824,0.448047,0.609573,53.005,-38.7453,-266.29,53.005,-38.7453,-266.29,0.131053
1024,1024,0,0.548333,0.3439,0.454493,0.611963,52.9266,-38.3441,-266.422,52.9266,-38.3441,-266.422,0.147704
1032,1032,0,0.540058,0.345589,0.463573,0.61156,52.9571,-39.2059,-265.526,52.9571,-39.2059,-265.526,0.126319
1040,1040,0,0.529988,0.350349,0.470054,0.612714,53.068,-38.8193,-265.745,53.068,-38.8193,-265.745,0.144238
1048,1048,0,0.523399,0.351615,0.48074,0.609351,52.8799,-39.4547,-264.898,52.8799,-39.4547,-264.898,0.133429
1056,1056,0,0.513798,0.355786,0.489027,0.608508,53.0033,-39.0957,-264.953,53.0033,-39.0957,-264.953,0.136802
1064,1064,0,0.505664,0.357529,0.501579,0.604066,52.7584,-39.811,-263.931,52.7584,-39.811,-263.931,0.129429
1072,1072,0,0.494546,0.363794,0.509297,0.603071,53.1017,-39.5199,-264.027,53.1017,-39.5199,-264.027,0.133444
1080,1080,0,0.486423,0.369142,0.51952,0.597684,52.7596,-39.8593,-263.013,52.7596,-39.8593,-263.013,0.127701
1088,1088,0,0.476189,0.378513,0.524852,0.595401,53.2454,-39.6217,-263.083,53.2454,-39.6217,-263.083,0.135381
1096,1096,0,0.468786,0.387935,0.531571,0.589218,52.8075,-39.8135,-262.002,52.8075,-39.8135,-262.002,0.138188
1104,1104,0,0.462144,0.399114,0.53401,0.584778,53.2238,-39.5264,-261.875,53.2238,-39.5264,-261.875,0.154876
1112,1112,0,0.458344,0.409639,0.537635,0.577118,52.8278,-39.3295,-261.139,52.8278,-39.3295,-261.139,0.1486
1120,1120,0,0.453832,0.421714,0.538043,0.57158,53.2288,-39.1932,-260.899,53.2288,-39.1932,-260.899,0.150812
1128,1128,0,0.448955,0.435556,0.537521,0.56551,52.8757,-38.762,-260.258,52.8757,-38.762,-260.258,0.146239
1136,1136,0,0.444989,0.450607,0.53286,0.561248,53.2108,-38.6941,-259.861,53.2108,-38.6941,-259.861,0.143282
1144,1144,0,0.444435,0.463181,0.529143,0.554931,52.9259,-38.2343,-259.45,52.9259,-38.2343,-259.45,0.165881
1152,1152,0,0.44814,0.472369,0.525379,0.547736,53.1814,-38.0547,-259.091,53.1814,-38.0547,-259.091,0.167481
1160,1160,0,0.453712,0.479274,0.522482,0.539866,52.9609,-37.2982,-259.267,52.9609,-37.2982,-259.267,0.164878
1168,1168,0,0.461327,0.483965,0.518078,0.533432,53.1299,-37.1634,-258.992,53.1299,-37.1634,-258.992,0.160581
1176,1176,0,0.469907,0.486563,0.513321,0.528154,53.0081,-36.3729,-259.43,53.0081,-36.3729,-259.43,0.16525
1184,1184,0,0.480333,0.486846,0.508984,0.522681,52.9455,-36.5189,-259.078,52.9455,-36.5189,-259.078,0.151155
1192,1192,0,0.488918,0.487151,0.503099,0.52013,52.9316,-35.6981,-259.774,52.9316,-35.6981,-259.774,0.19153
1200,1200,0,0.499303,0.485032,0.498515,0.516648,52.9432,-36.0136,-259.411,52.9432,-36.0136,-259.411,0.155852
1208,1208,0,0.507321,0.483183,0.492114,0.516705,52.9749,-35.2832,-260.41,52.9749,-35.2832,-260.41,0.187156
1216,1216,0,0.517458,0.479036,0.486077,0.516228,52.9561,-35.5453,-260.226,52.9561,-35.5453,-260.226,0.146379
1224,1224,0,0.527999,0.473215,0.479134,0.517412,52.9743,-34.7826,-261.348,52.9743,-34.7826,-261.348,0.191512
1232,1232,0,0.541186,0.464339,0.473247,0.517247,52.8766,-35.1667,-261.301,52.8766,-35.1667,-261.301,0.138207
1240,1240,0,0.55383,0.454539,0.466366,0.518817,52.9769,-34.3379,-262.727,52.9769,-34.3379,-262.727,0.186242
1248,1248,0,0.56831,0.441159,0.463457,0.51731,52.8895,-34.7177,-262.772,52.8895,-34.7177,-262.772,0.128486
1256,1256,0,0.580459,0.428027,0.460285,0.517686,52.9501,-34.1594,-263.945,52.9501,-34.1594,-263.945,0.193833
1264,1264,0,0.59255,0.412348,0.461055,0.516026,52.9183,-34.8959,-263.859,52.9183,-34.8959,-263.859,0.122312
1272,1272,0,0.601481,0.398,0.461382,0.516665,52.9889,-34.4875,-264.931,52.9889,-34.4875,-264.931,0.190663
1280,1280,0,0.607714,0.383843,0.46394,0.517792,52.9231,-35.3455,-264.644,52.9231,-35.3455,-264.644,0.136745
1288,1288,0,0.609479,0.373955,0.464259,0.522644,52.9718,-34.9448,-265.595,52.9718,-34.9448,-265.595,0.186476
1296,1296,0,0.608291,0.36445,0.467208,0.528087,52.8489,-35.964,-265.062,52.8489,-35.964,-265.062,0.135893
1304,1304,0,0.602066,0.36027,0.467595,0.53766,52.8911,-35.6587,-265.799,52.8911,-35.6587,-265.799,0.187613
1312,1312,0,0.594919,0.354797,0.472913,0.544558,52.8183,-36.8082,-265.06,52.8183,-36.8082,-265.06,0.122802
1320,1320,0,0.583482,0.35454,0.476251,0.554108,52.976,-36.5004,-265.762,52.976,-36.5004,-265.762,0.169909
1328,1328,0,0.572965,0.352447,0.485102,0.55872,52.834,-37.7234,-264.82,52.834,-37.7234,-264.82,0.130395
1336,1336,0,0.558756,0.356443,0.490375,0.565926,52.9267,-37.4729,-265.142,52.9267,-37.4729,-265.142,0.16476
1344,1344,0,0.547582,0.359688,0.498429,0.567757,52.7428,-38.314,-263.963,52.7428,-38.314,-263.963,0.14212
1352,1352,0,0.534446,0.369302,0.501014,0.571812,52.9426,-37.8669,-264.309,52.9426,-37.8669,-264.309,0.157163
1360,1360,0,0.525854,0.3779,0.506305,0.569495,52.6377,-38.5333,-263.057,52.6377,-38.5333,-263.057,0.138925
1368,1368,0,0.514917,0.392854,0.505164,0.570382,52.9529,-37.7579,-263.474,52.9529,-37.7579,-263.474,0.154383
1376,1376,0,0.508772,0.405789,0.507295,0.564923,52.673,-38.1324,-262.159,52.673,-38.1324,-262.159,0.150048
1384,1384,0,0.502583,0.421543,0.504167,0.561719,53.0689,-37.3219,-262.504,53.0689,-37.3219,-262.504,0.167511
1392,1392,0,0.502584,0.433333,0.504727,0.552161,52.7357,-37.3155,-261.531,52.7357,-37.3155,-261.531,0.142105
1400,1400,0,0.5009,0.44759,0.499653,0.546909,52.9953,-36.6765,-261.439,52.9953,-36.6765,-261.439,0.175299
1408,1408,0,0.503798,0.458157,0.497022,0.537818,52.7225,-36.5701,-260.848,52.7225,-36.5701,-260.848,0.166043
1416,1416,0,0.508865,0.46588,0.491691,0.531275,52.9922,-35.9909,-260.915,52.9922,-35.9909,-260.915,0.181873
1424,1424,0,0.519551,0.46715,0.489016,0.522208,52.8627,-35.5956,-260.861,52.8627,-35.5956,-260.861,0.161858
1432,1432,0,0.531652,0.465454,0.484363,0.515841,53.062,-35.076,-261.219,53.062,-35.076,-261.219,0.176658
1440,1440,0,0.545072,0.460182,0.481853,0.508869,52.9421,-34.6469,-261.691,52.9421,-34.6469,-261.691,0.183602
1448,1448,0,0.556969,0.45357,0.478731,0.504852,53.0309,-34.6001,-261.879,53.0309,-34.6001,-261.879,0.161457
1456,1456,0,0.567599,0.445757,0.475883,0.502661,52.9592,-34.292,-262.553,52.9592,-34.292,-262.553,0.198068
1464,1464,0,0.575826,0.437582,0.472447,0.503726,52.9278,-34.5899,-262.545,52.9278,-34.5899,-262.545,0.146444
1472,1472,0,0.582552,0.428735,0.468195,0.507556,52.9363,-34.3152,-263.334,52.9363,-34.3152,-263.334,0.184416
1480,1480,0,0.589683,0.417333,0.465133,0.511623,52.9747,-34.8532,-263.307,52.9747,-34.8532,-263.307,0.143753
1488,1488,0,0.596391,0.404459,0.463528,0.515628,52.9325,-34.503,-264.508,52.9325,-34.503,-264.508,0.188877
1496,1496,0,0.600242,0.391341,0.462566,0.522106,52.9598,-35.2681,-264.42,52.9598,-35.2681,-264.42,0.138254
1504,1504,0,0.600988,0.380009,0.462141,0.529936,52.8957,-35.1061,-265.355,52.8957,-35.1061,-265.355,0.169231
1512,1512,0,0.596919,0.370125,0.463838,0.539954,52.9853,-36.2268,-265.02,52.9853,-36.2268,-265.02,0.120569
1520,1520,0,0.588416,0.364397,0.46691,0.550433,52.8301,-36.1015,-265.785,52.8301,-36.1015,-265.785,0.176798
1528,1528,0,0.577636,0.359363,0.47381,0.559196,52.8799,-37.3188,-264.897,52.8799,-37.3188,-264.897,0.12323
1536,1536,0,0.561599,0.361156,0.479471,0.569456,52.816,-36.9609,-265.563,52.816,-36.9609,-265.563,0.166747
1544,1544,0,0.545117,0.363078,0.489781,0.575444,52.779,-38.4662,-264.144,52.779,-38.4662,-264.144,0.130644
1552,1552,0,0.524914,0.37303,0.495727,0.582724,52.8332,-37.8093,-264.761,52.8332,-37.8093,-264.761,0.151794
1560,1560,0,0.509079,0.382131,0.503745,0.584,52.8147,-39.0668,-262.982,52.8147,-39.0668,-262.982,0.128535
1568,1568,0,0.495459,0.396017,0.505414,0.585019,52.8853,-38.1575,-263.549,52.8853,-38.1575,-263.549,0.149961
1576,1576,0,0.489703,0.40672,0.507998,0.580266,52.7764,-39.0057,-261.794,52.7764,-39.0057,-261.794,0.159317
1584,1584,0,0.484378,0.420561,0.504766,0.577684,52.9284,-37.7874,-262.772,52.9284,-37.7874,-262.772,0.155343
1592,1592,0,0.485722,0.429823,0.504494,0.569923,52.8096,-38.2462,-261.322,52.8096,-38.2462,-261.322,0.160992
1600,1600,0,0.485854,0.440567,0.501052,0.564619,52.9048,-37.1467,-262.21,52.9048,-37.1467,-262.21,0.167945
1608,1608,0,0.490484,0.446896,0.501173,0.555459,52.7646,-37.6797,-260.707,52.7646,-37.6797,-260.707,0.151093
1616,1616,0,0.49212,0.454776,0.497416,0.550975,52.9655,-36.4941,-261.828,52.9655,-36.4941,-261.828,0.17074
1624,1624,0,0.498718,0.45751,0.496794,0.543286,52.8016,-36.9422,-260.516,52.8016,-36.9422,-260.516,0.161741
1632,1632,0,0.503024,0.459931,0.492926,0.54079,52.9937,-35.9595,-261.633,52.9937,-35.9595,-261.633,0.180303
1640,1640,0,0.511516,0.456877,0.492581,0.535704,52.7858,-36.438,-260.717,52.7858,-36.438,-260.717,0.148954
1648,1648,0,0.517607,0.453552,0.489645,0.535372,52.9099,-35.7873,-261.91,52.9099,-35.7873,-261.91,0.179586
1656,1656,0,0.525549,0.447121,0.48818,0.53438,52.8074,-36.1159,-261.567,52.8074,-36.1159,-261.567,0.153544
1664,1664,0,0.531301,0.4404,0.485558,0.536658,52.8246,-35.7296,-262.569,52.8246,-35.7296,-262.569,0.172036
1672,1672,0,0.538679,0.431657,0.483729,0.538056,52.8195,-35.9542,-262.483,52.8195,-35.9542,-262.483,0.148105
1680,1680,0,0.544244,0.423021,0.482927,0.540031,52.831,-35.8378,-263.196,52.831,-35.8378,-263.196,0.156336
1688,1688,0,0.54732,0.415294,0.483576,0.542334,52.86,-36.1566,-263.101,52.86,-36.1566,-263.101,0.150681
1696,1696,0,0.546903,0.409778,0.484772,0.545872,52.8575,-36.2906,-263.429,52.8575,-36.2906,-263.429,0.149444
1704,1704,0,0.543256,0.406778,0.485204,0.551345,52.8259,-36.5562,-263.426,52.8259,-36.5562,-263.426,0.16883
1712,1712,0,0.539771,0.402976,0.486465,0.556427,52.8511,-36.8475,-263.611,52.8511,-36.8475,-263.611,0.156131
1720,1720,0,0.538215,0.398235,0.487795,0.560169,52.8819,-37.0251,-263.728,52.8819,-37.0251,-263.728,0.15226
1728,1728,0,0.53649,0.393445,0.489447,0.563756,52.8391,-37.3733,-263.656,52.8391,-37.3733,-263.656,0.156551
1736,1736,0,0.532787,0.391002,0.489797,0.568643,52.8165,-37.3725,-263.834,52.8165,-37.3725,-263.834,0.159683
1744,1744,0,0.527556,0.388679,0.491734,0.57342,52.8515,-37.8835,-263.583,52.8515,-37.8835,-263.583,0.152608
1752,1752,0,0.521184,0.389193,0.493108,0.577704,52.8147,-37.6557,-263.98,52.8147,-37.6557,-263.98,0.153252
1760,1760,0,0.514704,0.390429,0.496551,0.579726,52.804,-38.2783,-263.287,52.804,-38.2783,-263.287,0.144955
1768,1768,0,0.505671,0.39753,0.496844,0.582591,52.8152,-37.9462,-263.544,52.8152,-37.9462,-263.544,0.138327
1776,1776,0,0.499783,0.404492,0.497622,0.582216,52.84,-38.5342,-262.626,52.84,-38.5342,-262.626,0.15726
1784,1784,0,0.497631,0.412668,0.495852,0.579827,52.8488,-37.8299,-262.971,52.8488,-37.8299,-262.971,0.171565
1792,1792,0,0.500711,0.418335,0.494448,0.574287,52.8214,-38.0486,-262.199,52.8214,-38.0486,-262.199,0.161471
1800,1800,0,0.504835,0.424791,0.49062,0.569198,52.7548,-37.2151,-262.807,52.7548,-37.2151,-262.807,0.173555
1808,1808,0,0.512251,0.427807,0.48775,0.562743,52.8188,-37.272,-262.239,52.8188,-37.272,-262.239,0.158978
1816,1816,0,0.519455,0.430341,0.483949,0.557464,52.8819,-36.4511,-262.986,52.8819,-36.4511,-262.986,0.166381
1824,1824,0,0.526296,0.430802,0.481571,0.552732,52.8403,-36.6748,-262.293,52.8403,-36.6748,-262.293,0.15712
1832,1832,0,0.529844,0.432121,0.479049,0.550498,52.8488,-36.0719,-263.021,52.8488,-36.0719,-263.021,0.171529
1840,1840,0,0.532302,0.431672,0.47863,0.548842,52.8734,-36.4397,-262.351,52.8734,-36.4397,-262.351,0.15513
1848,1848,0,0.532018,0.43217,0.478031,0.549248,52.8434,-36.0725,-262.995,52.8434,-36.0725,-262.995,0.177204
1856,1856,0,0.532325,0.431398,0.478146,0.549457,52.848,-36.2902,-262.479,52.848,-36.2902,-262.479,0.155491
1864,1864,0,0.532563,0.431165,0.477575,0.549905,52.7836,-35.9987,-263.181,52.7836,-35.9987,-263.181,0.17465
1872,1872,0,0.53453,0.429998,0.476878,0.549516,52.8383,-36.2704,-262.697,52.8383,-36.2704,-262.697,0.147916
1880,1880,0,0.536622,0.42884,0.476383,0.548809,52.8409,-36.0419,-263.1,52.8409,-36.0419,-263.1,0.165391
1888,1888,0,0.538242,0.428378,0.475482,0.548366,52.8802,-36.1204,-262.82,52.8802,-36.1204,-262.82,0.154334
1896,1896,0,0.540103,0.427855,0.475616,0.546826,52.8196,-35.8895,-263.214,52.8196,-35.8895,-263.214,0.1602
1904,1904,0,0.542063,0.427967,0.474859,0.545454,52.8591,-35.9738,-262.851,52.8591,-35.9738,-262.851,0.147329
1912,1912,0,0.543888,0.428099,0.474967,0.543436,52.7434,-35.8263,-263.14,52.7434,-35.8263,-263.14,0.163046
1920,1920,0,0.545992,0.42829,0.474185,0.541857,52.8148,-35.7866,-262.939,52.8148,-35.7866,-262.939,0.15844
1928,1928,0,0.547833,0.427859,0.474344,0.540198,52.8375,-35.7301,-263.216,52.8375,-35.7301,-263.216,0.155838
1936,1936,0,0.54897,0.427989,0.473554,0.539634,52.8874,-35.7483,-262.936,52.8874,-35.7483,-262.936,0.16772
1944,1944,0,0.548207,0.428332,0.473965,0.539776,52.8048,-35.6349,-263.221,52.8048,-35.6349,-263.221,0.150322
1952,1952,0,0.54778,0.428362,0.473896,0.540246,52.8525,-35.7598,-263.021,52.8525,-35.7598,-263.021,0.170447
1960,1960,0,0.547662,0.427779,0.474704,0.54012,52.8409,-35.863,-263.145,52.8409,-35.863,-263.145,0.168086
1968,1968,0,0.547099,0.428698,0.473792,0.540761,52.8783,-35.6935,-263.084,52.8783,-35.6935,-263.084,0.144206
1976,1976,0,0.546311,0.428985,0.474498,0.54071,52.7904,-35.7834,-263.09,52.7904,-35.7834,-263.09,0.13891
1984,1984,0,0.547742,0.428111,0.47479,0.539698,52.672,-35.7382,-262.308,52.672,-35.7382,-262.308,0.185727
1992,1992,0,0.548394,0.427804,0.475537,0.538621,52.6886,-35.7904,-262.327,52.6886,-35.7904,-262.327,0.17423
2000,2000,0,0.546958,0.430343,0.474049,0.53937,52.8709,-35.6127,-263.025,52.8709,-35.6127,-263.025,0.182382
2008,2008,0,0.546778,0.430432,0.4751,0.538556,52.7648,-35.733,-262.908,52.7648,-35.733,-262.908,0.152122
2016,2016,0,0.544616,0.431938,0.475374,0.539298,52.8651,-35.5983,-262.982,52.8651,-35.5983,-262.982,0.179512
2024,2024,0,0.539765,0.434331,0.477365,0.540493,52.7996,-35.8333,-262.807,52.7996,-35.8333,-262.807,0.148852
2032,2032,0,0.53194,0.439298,0.477648,0.543976,52.9107,-35.6924,-262.809,52.9107,-35.6924,-262.809,0.173443
2040,2040,0,0.524134,0.443005,0.480656,0.545894,52.8087,-36.2681,-262.226,52.8087,-36.2681,-262.226,0.152917
2048,2048,0,0.515469,0.447694,0.482252,0.548903,52.9017,-36.1621,-262.179,52.9017,-36.1621,-262.179,0.181552
2056,2056,0,0.509276,0.449302,0.487358,0.54886,52.7737,-36.6101,-261.688,52.7737,-36.6101,-261.688,0.151301
2064,2064,0,0.503199,0.451501,0.490531,0.549833,52.9166,-36.3484,-261.75,52.9166,-36.3484,-261.75,0.184593
2072,2072,0,0.498369,0.45282,0.494764,0.549355,52.7774,-36.902,-261.269,52.7774,-36.902,-261.269,0.14406
2080,2080,0,0.492021,0.456292,0.49507,0.551924,52.9538,-36.5252,-261.437,52.9538,-36.5252,-261.437,0.178517
2088,2088,0,0.488493,0.457157,0.497441,0.552209,52.7583,-37.1839,-261.016,52.7583,-37.1839,-261.016,0.164544
2096,2096,0,0.483671,0.458248,0.496714,0.556189,53.0267,-36.8969,-261.273,53.0267,-36.8969,-261.273,0.184935
2104,2104,0,0.48229,0.455273,0.498711,0.558041,52.8551,-37.5737,-260.911,52.8551,-37.5737,-260.911,0.171244
2112,2112,0,0.480957,0.451526,0.498345,0.562545,52.9643,-37.2005,-261.351,52.9643,-37.2005,-261.351,0.174971
2120,2120,0,0.483621,0.444289,0.499823,0.564708,52.7901,-37.7213,-261.318,52.7901,-37.7213,-261.318,0.14844
2128,2128,0,0.485707,0.437797,0.498221,0.569384,53.0164,-37.3755,-261.853,53.0164,-37.3755,-261.853,0.163101
2136,2136,0,0.48999,0.42958,0.49875,0.571507,52.739,-38.011,-261.902,52.739,-38.011,-261.902,0.160432
2144,2144,0,0.491732,0.422603,0.49701,0.576703,52.9564,-37.6624,-262.553,52.9564,-37.6624,-262.553,0.162313
2152,2152,0,0.49647,0.413202,0.497927,0.578663,52.7517,-38.2188,-262.64,52.7517,-38.2188,-262.64,0.154026
2160,2160,0,0.500457,0.404476,0.496907,0.582258,52.9577,-38.0714,-263.034,52.9577,-38.0714,-263.034,0.151148
2168,2168,0,0.506926,0.395272,0.49635,0.583458,52.7645,-38.5349,-263.224,52.7645,-38.5349,-263.224,0.157433
2176,2176,0,0.512895,0.387722,0.492903,0.586223,52.9627,-38.1035,-263.856,52.9627,-38.1035,-263.856,0.140667
2184,2184,0,0.522006,0.379752,0.490186,0.585675,52.7733,-38.363,-264.041,52.7733,-38.363,-264.041,0.149194
2192,2192,0,0.529966,0.373854,0.485911,0.585884,52.924,-37.9789,-264.487,52.924,-37.9789,-264.487,0.148349
2200,2200,0,0.541084,0.368333,0.482968,0.581636,52.7578,-37.9561,-264.734,52.7578,-37.9561,-264.734,0.153868
2208,2208,0,0.551151,0.365165,0.479309,0.577192,52.8922,-37.4694,-265.078,52.8922,-37.4694,-265.078,0.140171
2216,2216,0,0.561081,0.364148,0.475836,0.571108,52.8341,-37.3481,-265.101,52.8341,-37.3481,-265.101,0.162339
2224,2224,0,0.569501,0.365355,0.472247,0.564949,52.9016,-36.9884,-265.211,52.9016,-36.9884,-265.211,0.151862
2232,2232,0,0.579035,0.36771,0.468987,0.556381,52.8493,-36.6076,-265.262,52.8493,-36.6076,-265.262,0.162675
2240,2240,0,0.588148,0.370337,0.467084,0.546595,52.8721,-36.1176,-265.251,52.8721,-36.1176,-265.251,0.154312
2248,2248,0,0.595694,0.375194,0.46404,0.537629,52.9099,-35.7111,-265.13,52.9099,-35.7111,-265.13,0.158738
2256,2256,0,0.599674,0.381422,0.461773,0.530731,52.9826,-35.3282,-264.977,52.9826,-35.3282,-264.977,0.154683
2264,2264,0,0.601657,0.389118,0.459328,0.52499,52.9629,-34.9683,-264.866,52.9629,-34.9683,-264.866,0.162452
2272,2272,0,0.602329,0.395836,0.459176,0.519299,52.9874,-34.6738,-264.766,52.9874,-34.6738,-264.766,0.15632
2280,2280,0,0.602538,0.402313,0.459744,0.513544,52.9655,-34.4151,-264.542,52.9655,-34.4151,-264.542,0.16629
2288,2288,0,0.600623,0.408305,0.462143,0.508884,52.8988,-34.3977,-264.176,52.8988,-34.3977,-264.176,0.144606
2296,2296,0,0.596147,0.415356,0.463087,0.507581,52.9908,-34.2547,-263.869,52.9908,-34.2547,-263.869,0.164363
2304,2304,0,0.590051,0.420961,0.465487,0.507892,52.9581,-34.3889,-263.625,52.9581,-34.3889,-263.625,0.159625
2312,2312,0,0.583614,0.425717,0.466956,0.510012,52.9632,-34.3858,-263.38,52.9632,-34.3858,-263.38,0.17119
2320,2320,0,0.576823,0.428532,0.469661,0.512888,52.8067,-34.6906,-263.263,52.8067,-34.6906,-263.263,0.161628
2328,2328,0,0.571379,0.430281,0.47001,0.51718,53.0186,-34.6261,-263.194,53.0186,-34.6261,-263.194,0.188596
2336,2336,0,0.568096,0.429045,0.473054,0.519045,52.8103,-35.064,-263.103,52.8103,-35.064,-263.103,0.154657
2344,2344,0,0.565276,0.428116,0.473041,0.522889,52.9752,-34.8889,-263.072,52.9752,-34.8889,-263.072,0.177593
2352,2352,0,0.564557,0.42472,0.475946,0.523798,52.7908,-35.3226,-263.216,52.7908,-35.3226,-263.216,0.152411
2360,2360,0,0.56263,0.423156,0.475418,0.527603,52.9825,-35.1424,-263.255,52.9825,-35.1424,-263.255,0.181817
2368,2368,0,0.561927,0.420183,0.478345,0.528082,52.6994,-35.614,-263.214,52.6994,-35.614,-263.214,0.131567
2376,2376,0,0.558888,0.419889,0.477334,0.532438,53.0019,-35.3255,-263.293,53.0019,-35.3255,-263.293,0.178039
2384,2384,0,0.557863,0.417578,0.480928,0.532096,52.6759,-35.9678,-263.189,52.6759,-35.9678,-263.189,0.146541
2392,2392,0,0.553562,0.419013,0.479604,0.536636,52.9736,-35.4489,-263.329,52.9736,-35.4489,-263.329,0.183013
2400,2400,0,0.552801,0.417652,0.48272,0.535687,52.6532,-36.1733,-263.092,52.6532,-36.1733,-263.092,0.155076
2408,2408,0,0.550215,0.419194,0.480933,0.538743,52.9683,-35.709,-263.248,52.9683,-35.709,-263.248,0.169428
2416,2416,0,0.55231,0.417461,0.483062,0.536034,52.6582,-36.2106,-263.06,52.6582,-36.2106,-263.06,0.137391
2424,2424,0,0.552606,0.418273,0.480413,0.537474,52.9862,-35.6308,-263.252,52.9862,-35.6308,-263.252,0.179273
2432,2432,0,0.55635,0.416288,0.482257,0.533486,52.6779,-35.9883,-263.313,52.6779,-35.9883,-263.313,0.148187
2440,2440,0,0.556769,0.417185,0.479987,0.534394,52.9926,-35.4574,-263.32,52.9926,-35.4574,-263.32,0.173588
2448,2448,0,0.559072,0.416262,0.48133,0.531495,52.6551,-35.8785,-263.264,52.6551,-35.8785,-263.264,0.148063
2456,2456,0,0.558762,0.417081,0.479143,0.533151,53.0333,-35.391,-263.334,53.0333,-35.391,-263.334,0.185854
2464,2464,0,0.560085,0.41624,0.480429,0.531261,52.6713,-35.8732,-263.184,52.6713,-35.8732,-263.184,0.161696
2472,2472,0,0.558469,0.417274,0.478513,0.533874,52.9933,-35.4308,-263.342,52.9933,-35.4308,-263.342,0.168422
2480,2480,0,0.559435,0.416099,0.479955,0.532483,52.7102,-35.7815,-263.337,52.7102,-35.7815,-263.337,0.168104
2488,2488,0,0.558095,0.416381,0.479015,0.534512,52.9997,-35.4591,-263.37,52.9997,-35.4591,-263.37,0.171463
2496,2496,0,0.558884,0.415056,0.481059,0.532879,52.7335,-35.818,-263.398,52.7335,-35.818,-263.398,0.15093
2504,2504,0,0.556768,0.416398,0.47967,0.535294,52.7113,-35.6661,-262.571,52.7113,-35.6661,-262.571,0.202471
2512,2512,0,0.555862,0.415471,0.481488,0.535324,52.6952,-36.0189,-263.302,52.6952,-36.0189,-263.302,0.168279
2520,2520,0,0.554396,0.415615,0.480689,0.537446,52.9926,-35.8422,-263.308,52.9926,-35.8422,-263.308,0.168264
2528,2528,0,0.555026,0.414911,0.481152,0.536925,52.7936,-35.9064,-263.457,52.7936,-35.9064,-263.457,0.169298
2536,2536,0,0.55508,0.414271,0.480736,0.537735,52.9195,-35.9317,-263.254,52.9195,-35.9317,-263.254,0.167327
2544,2544,0,0.55645,0.413557,0.480746,0.53686,52.7864,-35.9424,-263.397,52.7864,-35.9424,-263.397,0.16184
2552,2552,0,0.557504,0.412861,0.480504,0.536519,52.918,-35.804,-263.33,52.918,-35.804,-263.33,0.155312
2560,2560,0,0.558379,0.413264,0.479418,0.536268,52.8181,-35.6398,-263.606,52.8181,-35.6398,-263.606,0.176752
2568,2568,0,0.559654,0.412318,0.479882,0.535252,52.9241,-35.752,-263.588,52.9241,-35.752,-263.588,0.156318
2576,2576,0,0.560176,0.412756,0.478959,0.535195,52.9053,-35.6684,-263.529,52.9053,-35.6684,-263.529,0.172899
2584,2584,0,0.560173,0.41269,0.47898,0.53523,52.9409,-35.7848,-263.414,52.9409,-35.7848,-263.414,0.142572
