48,48,0,0.693908,-0.0918518,0.709786,0.0791146,-0.493848,-4.03383,-234.089,-0.493848,-4.03383,-234.089,0.0365013
56,56,0,0.694416,-0.0915316,0.709647,0.0762221,-0.385789,-4.30265,-233.719,-0.385789,-4.30265,-233.719,0.0182425
64,64,0,0.694171,-0.090268,0.710127,0.0754867,-0.534203,-4.2304,-234.105,-0.534203,-4.2304,-234.105,0.0240437
72,72,0,0.693799,-0.0888593,0.710534,0.0767351,-0.707037,-3.94954,-234.588,-0.707037,-3.94954,-234.588,0.0155063
80,80,0,0.693865,-0.0863934,0.710558,0.0787038,-0.67826,-3.38475,-234.685,-0.67826,-3.38475,-234.685,0.0146394
88,88,0,0.693474,-0.0880272,0.711106,0.0753219,-1.01281,-3.53447,-234.634,-1.01281,-3.53447,-234.634,0.0262768
96,96,0,0.693467,-0.0851687,0.711361,0.0762627,-0.979792,-3.53539,-234.664,-0.979792,-3.53539,-234.664,0.0330686
104,104,0,0.694317,-0.0809952,0.71077,0.0785411,-0.538734,-2.78905,-235.199,-0.538734,-2.78905,-235.199,0.0360413
112,112,0,0.693298,-0.085402,0.711938,0.0720329,-1.06241,-3.72875,-233.998,-1.06241,-3.72875,-233.998,0.0536874
120,120,0,0.693194,-0.0827507,0.712316,0.0723865,-1.20961,-3.33946,-234.566,-1.20961,-3.33946,-234.566,0.0379304
128,128,0,0.694351,-0.0831406,0.711185,0.0719751,-0.665763,-3.25121,-233.547,-0.665763,-3.25121,-233.547,0.0369922
136,136,0,0.692525,-0.0815693,0.713199,0.0714291,-1.57454,-3.30959,-233.627,-1.57454,-3.30959,-233.627,0.0332851
144,144,0,0.693126,-0.0784844,0.712846,0.0725744,-1.26558,-2.83853,-233.903,-1.26558,-2.83853,-233.903,0.0210613
152,152,0,0.693556,-0.080816,0.712626,0.0679248,-1.15936,-3.28878,-234.063,-1.15936,-3.28878,-234.063,0.0353402
160,160,0,0.693598,-0.0781768,0.712846,0.0682705,-1.24609,-2.6016,-234.505,-1.24609,-2.6016,-234.505,0.0197018
168,168,0,0.693687,-0.0768035,0.713049,0.0667907,-1.29549,-2.68109,-234.504,-1.29549,-2.68109,-234.504,0.0255993
176,176,0,0.694313,-0.0764474,0.712569,0.0658091,-0.931464,-2.74285,-234.81,-0.931464,-2.74285,-234.81,0.0161355
184,184,0,0.694122,-0.074708,0.712931,0.0659018,-1.20211,-2.57401,-234.667,-1.20211,-2.57401,-234.667,0.044168
192,192,0,0.693468,-0.0767861,0.713597,0.0631305,-1.47158,-2.97344,-234.143,-1.47158,-2.97344,-234.143,0.0312217
200,200,0,0.694501,-0.0745444,0.71296,0.0616492,-1.14148,-2.53024,-234.376,-1.14148,-2.53024,-234.376,0.0194745
208,208,0,0.694511,-0.0731057,0.713148,0.0610742,-1.17628,-2.61351,-234.168,-1.17628,-2.61351,-234.168,0.0246087
216,216,0,0.695027,-0.0740806,0.712715,0.0590505,-0.994552,-2.69044,-234.535,-0.994552,-2.69044,-234.535,0.042071
224,224,0,0.694132,-0.0713609,0.713628,0.0618356,-1.43007,-2.23365,-234.678,-1.43007,-2.23365,-234.678,0.0163398
232,232,0,0.694356,-0.0719941,0.713538,0.0595837,-1.32573,-2.58101,-234.197,-1.32573,-2.58101,-234.197,0.020778
240,240,0,0.694552,-0.0700907,0.713588,0.0589639,-1.21912,-2.23379,-233.708,-1.21912,-2.23379,-233.708,0.0235797
248,248,0,0.694235,-0.0690144,0.714132,0.0573587,-1.47552,-2.26624,-234.245,-1.47552,-2.26624,-234.245,0.0386566
256,256,0,0.695474,-0.0698476,0.712941,0.0561407,-0.879196,-2.45517,-234.612,-0.879196,-2.45517,-234.612,0.0429573
264,264,0,0.696902,-0.0716243,0.711526,0.0541221,-0.414802,-2.32463,-235.812,-0.414802,-2.32463,-235.812,0.0839579
272,272,0,0.695223,-0.0695453,0.713117,0.0573795,-1.10629,-1.89195,-234.719,-1.10629,-1.89195,-234.719,0.0719683
280,280,0,0.69492,-0.0648887,0.71376,0.0584993,-1.18988,-1.21305,-234.563,-1.18988,-1.21305,-234.563,0.0283006
288,288,0,0.693431,-0.0645411,0.715231,0.0585936,-1.8598,-0.779537,-235.307,-1.8598,-0.779537,-235.307,0.0294677
296,296,0,0.69543,-0.0648446,0.713659,0.0535044,-0.981675,-1.61427,-234.328,-0.981675,-1.61427,-234.328,0.0152716
304,304,0,0.695093,-0.060535,0.714214,0.0555026,-1.37589,-0.821417,-235.522,-1.37589,-0.821417,-235.522,0.103577
312,312,0,0.696145,-0.0719739,0.71289,0.0446148,-0.746709,-3.60757,-234.395,-0.746709,-3.60757,-234.395,0.0874415
320,320,0,0.694803,-0.0626327,0.71442,0.0541259,-1.51669,-1.24727,-235.637,-1.51669,-1.24727,-235.637,0.039999
328,328,0,0.69458,-0.0577657,0.714951,0.0553736,-1.67039,-0.511337,-235.721,-1.67039,-0.511337,-235.721,0.0938297
336,336,0,0.69556,-0.0621533,0.713786,0.0533208,-1.0317,-1.4439,-234.558,-1.0317,-1.4439,-234.558,0.040532
344,344,0,0.695159,-0.0637192,0.714284,0.0499313,-1.26458,-1.88799,-233.767,-1.26458,-1.88799,-233.767,0.0170465
352,352,0,0.69428,-0.0602133,0.715371,0.0509221,-1.64867,-1.19977,-234.058,-1.64867,-1.19977,-234.058,0.0180428
360,360,0,0.694852,-0.0601863,0.714979,0.0486149,-1.38611,-1.28581,-234.033,-1.38611,-1.28581,-234.033,0.0329833
368,368,0,0.695142,-0.0586449,0.714813,0.0487995,-1.28959,-0.909112,-234.842,-1.28959,-0.909112,-234.842,0.0242389
376,376,0,0.695367,-0.0586206,0.714752,0.0464599,-1.24894,-1.2151,-234.793,-1.24894,-1.2151,-234.793,0.0271996
384,384,0,0.696173,-0.0592839,0.714021,0.0447515,-0.871623,-1.46086,-234.33,-0.871623,-1.46086,-234.33,0.0153397
392,392,0,0.693975,-0.0554466,0.716106,0.0501699,-2.04959,0.048894,-234.713,-2.04959,0.048894,-234.713,0.0358386
400,400,0,0.695604,-0.0542987,0.715026,0.0438637,-1.29843,-0.891639,-234.25,-1.29843,-0.891639,-234.25,0.0406832
408,408,0,0.695524,-0.0530605,0.715272,0.0426281,-1.33125,-0.744707,-234.308,-1.33125,-0.744707,-234.308,0.0171591
416,416,0,0.694243,-0.0484963,0.716604,0.0464025,-2.11626,0.479008,-236.176,-2.11626,0.479008,-236.176,0.0531137
424,424,0,0.696664,-0.0490268,0.714428,0.0429867,-1.03312,0.0408629,-234.931,-1.03312,0.0408629,-234.931,0.0340419
432,432,0,0.696028,-0.0479057,0.71512,0.0430487,-1.38478,0.455324,-235.248,-1.38478,0.455324,-235.248,0.027181
440,440,0,0.695531,-0.0515221,0.715566,0.0393425,-1.57679,-0.447488,-234.551,-1.57679,-0.447488,-234.551,0.0179134
448,448,0,0.695427,-0.0509268,0.715704,0.0394514,-1.68108,-0.364816,-234.464,-1.68108,-0.364816,-234.464,0.0202607
456,456,0,0.69553,-0.0515716,0.715646,0.0378146,-1.6245,-0.634219,-234.457,-1.6245,-0.634219,-234.457,0.0172206
464,464,0,0.695326,-0.0496494,0.716016,0.0371239,-1.7463,-0.399509,-234.586,-1.7463,-0.399509,-234.586,0.0249612
472,472,0,0.695167,-0.044309,0.716451,0.0384362,-1.91598,0.576862,-234.77,-1.91598,0.576862,-234.77,0.0406981
480,480,0,0.695113,-0.0458136,0.716638,0.0338844,-2.03869,0.0202509,-234.134,-2.03869,0.0202509,-234.134,0.0302133
488,488,0,0.696091,-0.0442338,0.715887,0.0317399,-1.58032,0.143931,-234.273,-1.58032,0.143931,-234.273,0.0210352
496,496,0,0.696788,-0.0421499,0.715385,0.0305517,-1.31838,0.381843,-234.78,-1.31838,0.381843,-234.78,0.0272266
504,504,0,0.696567,-0.0423992,0.71567,0.0285149,-1.56884,0.276045,-234.073,-1.56884,0.276045,-234.073,0.0253489
512,512,0,0.696056,-0.0397582,0.716325,0.028366,-1.86063,0.88296,-234.279,-1.86063,0.88296,-234.279,0.0244129
520,520,0,0.695982,-0.0376758,0.716588,0.0262869,-1.9962,0.912687,-234.448,-1.9962,0.912687,-234.448,0.0179578
528,528,0,0.697032,-0.0358843,0.715807,0.0218874,-1.68398,0.866556,-234.817,-1.68398,0.866556,-234.817,0.0230157
536,536,0,0.697098,-0.0333755,0.715983,0.0175375,-1.78393,1.14771,-234.594,-1.78393,1.14771,-234.594,0.0233093
544,544,0,0.697421,-0.0266637,0.715963,0.0170345,-1.73723,2.11634,-234.834,-1.73723,2.11634,-234.834,0.0330094
552,552,0,0.698689,-0.0270449,0.714792,0.0131738,-1.23239,1.7759,-234.304,-1.23239,1.7759,-234.304,0.0147605
560,560,0,0.697859,-0.0237503,0.715722,0.0130327,-1.75785,2.30668,-234.441,-1.75785,2.30668,-234.441,0.0261428
568,568,0,0.697531,-0.0225918,0.716112,0.0110926,-1.90471,2.28277,-234.096,-1.90471,2.28277,-234.096,0.0254964
576,576,0,0.697869,-0.0202636,0.715883,0.00892131,-1.79705,2.50494,-234.573,-1.79705,2.50494,-234.573,0.0296159
584,584,0,0.696476,-0.0238245,0.717183,0.00122266,-2.58398,1.30535,-234.535,-2.58398,1.30535,-234.535,0.0492676
592,592,0,0.69727,-0.0163248,0.716612,0.00380842,-2.25988,2.8177,-234.695,-2.25988,2.8177,-234.695,0.0433014
600,600,0,0.698076,-0.0128953,0.715907,0.00113603,-1.8784,3.14986,-234.366,-1.8784,3.14986,-234.366,0.020273
608,608,0,0.69894,-0.00926478,0.715116,-0.00255296,-1.52341,3.38037,-234.632,-1.52341,3.38037,-234.632,0.0204729
616,616,0,0.698369,-0.00942722,0.715643,-0.00684095,-1.77798,3.38356,-234.596,-1.77798,3.38356,-234.596,0.0281652
624,624,0,0.6985,-0.0058083,0.715551,-0.00709783,-1.84354,3.80472,-234.785,-1.84354,3.80472,-234.785,0.0140524
632,632,0,0.698452,-0.0037856,0.715577,-0.0100513,-1.85773,3.94778,-234.865,-1.85773,3.94778,-234.865,0.0156915
640,640,0,0.697124,0.00158518,0.716844,-0.0122294,-2.48937,4.69512,-234.963,-2.48937,4.69512,-234.963,0.0314366
648,648,0,0.697434,0.00204946,0.716407,-0.0185124,-2.28064,4.22474,-234.825,-2.28064,4.22474,-234.825,0.0309631
656,656,0,0.698159,0.00791996,0.715651,-0.0188812,-1.95412,5.17435,-234.945,-1.95412,5.17435,-234.945,0.0154601
664,664,0,0.698328,0.00849121,0.715374,-0.0225129,-1.81839,5.0516,-234.844,-1.81839,5.0516,-234.844,0.0220236
672,672,0,0.698196,0.0112297,0.715438,-0.0233413,-1.8713,5.49211,-234.774,-1.8713,5.49211,-234.774,0.0219482
680,680,0,0.698596,0.0142665,0.714912,-0.0257136,-1.70599,5.76062,-234.717,-1.70599,5.76062,-234.717,0.0259743
688,688,0,0.698799,0.0185548,0.714564,-0.0270956,-1.55342,6.52894,-235.207,-1.55342,6.52894,-235.207,0.032353
696,696,0,0.698655,0.018425,0.714431,-0.0336444,-1.5599,5.93177,-234.977,-1.5599,5.93177,-234.977,0.0166309
704,704,0,0.697647,0.0247255,0.715229,-0.0335505,-1.87122,6.99005,-234.998,-1.87122,6.99005,-234.998,0.0353979
712,712,0,0.697891,0.0240779,0.714714,-0.0394124,-1.56887,6.46387,-235.172,-1.56887,6.46387,-235.172,0.0241579
720,720,0,0.697004,0.031585,0.715306,-0.0390678,-1.96543,7.67602,-235.287,-1.96543,7.67602,-235.287,0.0462608
728,728,0,0.697075,0.0318331,0.714944,-0.0439209,-1.70925,7.36347,-234.557,-1.70925,7.36347,-234.557,0.0153294
736,736,0,0.697235,0.0336622,0.714457,-0.047755,-1.50354,7.31838,-234.191,-1.50354,7.31838,-234.191,0.0172786
744,744,0,0.697052,0.0343279,0.714298,-0.052129,-1.42149,7.15822,-234.199,-1.42149,7.15822,-234.199,0.0272479
752,752,0,0.696526,0.0392601,0.714508,-0.0528031,-1.60661,7.92843,-234.588,-1.60661,7.92843,-234.588,0.0347192
760,760,0,0.695584,0.0383779,0.715053,-0.0582099,-1.87282,7.66042,-234.967,-1.87282,7.66042,-234.967,0.0356298
768,768,0,0.696153,0.0442457,0.714113,-0.0587964,-1.42086,8.55905,-234.788,-1.42086,8.55905,-234.788,0.0202167
776,776,0,0.695044,0.0470982,0.714739,-0.0619987,-1.81738,8.9269,-234.703,-1.81738,8.9269,-234.703,0.0401578
784,784,0,0.694979,0.0492357,0.714409,-0.0648134,-1.69673,8.98988,-234.83,-1.69673,8.98988,-234.83,0.019015
792,792,0,0.695567,0.0482064,0.713486,-0.0692955,-1.26433,8.35145,-234.432,-1.26433,8.35145,-234.432,0.023532
800,800,0,0.695597,0.0544353,0.71319,-0.0673988,-1.37086,9.55208,-234.884,-1.37086,9.55208,-234.884,0.0553814
808,808,0,0.694767,0.0530393,0.713852,-0.0700131,-1.50884,9.42132,-234.632,-1.50884,9.42132,-234.632,0.0233129
816,816,0,0.693799,0.0558075,0.714533,-0.0705052,-1.76203,10.0238,-235.139,-1.76203,10.0238,-235.139,0.0263995
824,824,0,0.693746,0.0566965,0.713856,-0.0768868,-1.57353,9.42138,-234.489,-1.57353,9.42138,-234.489,0.0306506
832,832,0,0.693342,0.0625149,0.713681,-0.0776414,-1.48997,10.5002,-234.667,-1.48997,10.5002,-234.667,0.0290597
840,840,0,0.691695,0.0660925,0.714485,-0.0818621,-1.94729,10.9867,-235.223,-1.94729,10.9867,-235.223,0.030797
848,848,0,0.691591,0.0680473,0.713764,-0.0872496,-1.89915,10.5266,-234.1,-1.89915,10.5266,-234.1,0.0330809
856,856,0,0.691588,0.0708022,0.713008,-0.0911779,-1.63175,10.4992,-234.52,-1.63175,10.4992,-234.52,0.0276252
864,864,0,0.690171,0.0736886,0.71411,-0.0910023,-1.98481,11.7868,-235.196,-1.98481,11.7868,-235.196,0.0280375
872,872,0,0.691163,0.0747659,0.712626,-0.0941683,-1.32789,11.5695,-234.707,-1.32789,11.5695,-234.707,0.0288799
880,880,0,0.690842,0.0764349,0.712425,-0.0966734,-1.24088,11.6973,-234.784,-1.24088,11.6973,-234.784,0.0267838
888,888,0,0.691887,0.0776351,0.711005,-0.0986753,-0.662993,11.7944,-233.857,-0.662993,11.7944,-233.857,0.0464217
896,896,0,0.689984,0.0821308,0.712498,-0.0975871,-1.25895,12.8224,-233.779,-1.25895,12.8224,-233.779,0.0374821
904,904,0,0.689501,0.0825757,0.712442,-0.100978,-1.21785,12.8097,-234.206,-1.21785,12.8097,-234.206,0.0445267
912,912,0,0.68881,0.0838609,0.712447,-0.104537,-1.35925,12.7862,-234.35,-1.35925,12.7862,-234.35,0.0413466
920,920,0,0.689054,0.0842819,0.711362,-0.109844,-0.915902,12.3279,-233.974,-0.915902,12.3279,-233.974,0.0576816
928,928,0,0.687978,0.0882469,0.711539,-0.112295,-1.04544,13.1277,-234.94,-1.04544,13.1277,-234.94,0.022507
936,936,0,0.688367,0.0934373,0.710222,-0.114042,-0.600047,13.5331,-234.734,-0.600047,13.5331,-234.734,0.0267253
944,944,0,0.688325,0.0937964,0.709729,-0.117028,-0.402217,13.6076,-234.287,-0.402217,13.6076,-234.287,0.0389041
952,952,0,0.687865,0.0974529,0.709217,-0.119819,-0.171031,14.1402,-234.197,-0.171031,14.1402,-234.197,0.0193185
960,960,0,0.68653,0.100364,0.709823,-0.121472,-0.491161,14.6955,-234.701,-0.491161,14.6955,-234.701,0.0241607
968,968,0,0.685515,0.100604,0.710191,-0.12481,-0.64571,14.559,-234.448,-0.64571,14.559,-234.448,0.0291654
976,976,0,0.684956,0.102287,0.709987,-0.12764,-0.647199,14.646,-234.688,-0.647199,14.646,-234.688,0.0300891
984,984,0,0.68472,0.105746,0.709521,-0.128673,-0.454374,15.2281,-235.007,-0.454374,15.2281,-235.007,0.0172696
992,992,0,0.684265,0.106797,0.709075,-0.132622,-0.246027,15.3689,-235.068,-0.246027,15.3689,-235.068,0.0335596
1000,1000,0,0.685102,0.110568,0.70752,-0.133513,0.530118,15.8775,-235.382,0.530118,15.8775,-235.382,0.0350577
1008,1008,0,0.68298,0.109642,0.709097,-0.13675,-0.504547,15.5225,-235.06,-0.504547,15.5225,-235.06,0.0195645
1016,1016,0,0.683425,0.111865,0.708116,-0.137802,-0.1323,15.8343,-234.513,-0.1323,15.8343,-234.513,0.0265475
1024,1024,0,0.682425,0.113299,0.708456,-0.139821,-0.319257,16.188,-235.124,-0.319257,16.188,-235.124,0.0234424
1032,1032,0,0.682324,0.115161,0.707958,-0.141309,-0.196329,16.3596,-234.867,-0.196329,16.3596,-234.867,0.0210412
1040,1040,0,0.679316,0.114568,0.710275,-0.144621,-1.16382,16.7418,-234.967,-1.16382,16.7418,-234.967,0.0239427
1048,1048,0,0.680448,0.118099,0.70789,-0.148105,-0.190704,16.6753,-234.791,-0.190704,16.6753,-234.791,0.0335805
1056,1056,0,0.68017,0.12371,0.707183,-0.148179,0.0287614,17.6049,-234.638,0.0287614,17.6049,-234.638,0.0324509
1064,1064,0,0.679163,0.126417,0.706792,-0.152324,0.122012,17.7537,-234.594,0.122012,17.7537,-234.594,0.0202701
1072,1072,0,0.678328,0.127416,0.706662,-0.155772,0.0480471,17.6499,-234.615,0.0480471,17.6499,-234.615,0.0484679
1080,1080,0,0.67846,0.131858,0.705853,-0.155171,0.284497,18.2547,-234.518,0.284497,18.2547,-234.518,0.0578372
1088,1088,0,0.677927,0.130653,0.705722,-0.159068,0.333739,18.0479,-234.65,0.333739,18.0479,-234.65,0.0304548
1096,1096,0,0.675798,0.135818,0.707174,-0.157339,-0.391495,19.6634,-235.402,-0.391495,19.6634,-235.402,0.0746559
1104,1104,0,0.676538,0.133061,0.705702,-0.163023,0.241624,18.4527,-234.951,0.241624,18.4527,-234.951,0.0251063
1112,1112,0,0.676415,0.136766,0.70491,-0.163893,0.599476,19.0391,-234.507,0.599476,19.0391,-234.507,0.0426449
1120,1120,0,0.675869,0.137702,0.704224,-0.168251,0.736934,18.7975,-234.32,0.736934,18.7975,-234.32,0.0459043
1128,1128,0,0.674678,0.138039,0.704374,-0.172081,0.543782,18.7437,-234.759,0.543782,18.7437,-234.759,0.0186496
1136,1136,0,0.67364,0.14226,0.70412,-0.173744,0.672323,19.5116,-234.671,0.672323,19.5116,-234.671,0.0147339
1144,1144,0,0.673644,0.147078,0.702512,-0.176211,1.27723,19.9765,-234.317,1.27723,19.9765,-234.317,0.0296376
1152,1152,0,0.672321,0.145443,0.702733,-0.181653,1.16269,19.6555,-234.861,1.16269,19.6555,-234.861,0.0262744
1160,1160,0,0.670451,0.150325,0.702998,-0.183555,1.00221,20.6993,-234.736,1.00221,20.6993,-234.736,0.0313873
1168,1168,0,0.671065,0.152881,0.701402,-0.185298,1.55533,20.749,-234.782,1.55533,20.749,-234.782,0.0268533
1176,1176,0,0.670638,0.153616,0.701153,-0.187172,1.64205,20.8033,-234.847,1.64205,20.8033,-234.847,0.0336672
1184,1184,0,0.670009,0.155027,0.701282,-0.187771,1.57762,21.1621,-234.482,1.57762,21.1621,-234.482,0.0373018
1192,1192,0,0.668173,0.158314,0.701549,-0.190555,1.14243,21.5239,-235.324,1.14243,21.5239,-235.324,0.0308318
1200,1200,0,0.668518,0.162623,0.69898,-0.195106,2.22938,21.6942,-235.091,2.22938,21.6942,-235.091,0.0321896
1208,1208,0,0.666728,0.164819,0.699432,-0.197746,2.02837,22.2292,-235.202,2.02837,22.2292,-235.202,0.0377613
1216,1216,0,0.666246,0.167297,0.698487,-0.200607,2.17128,22.4284,-234.841,2.17128,22.4284,-234.841,0.0226038
1224,1224,0,0.66531,0.167989,0.698343,-0.203614,2.16723,22.518,-234.741,2.16723,22.518,-234.741,0.0210134
1232,1232,0,0.664511,0.169429,0.69834,-0.205036,2.13325,22.6081,-234.612,2.13325,22.6081,-234.612,0.0320742
1240,1240,0,0.663687,0.171349,0.698364,-0.20603,2.09393,22.9886,-234.556,2.09393,22.9886,-234.556,0.0404402
1248,1248,0,0.662764,0.171058,0.698623,-0.20835,1.95878,22.9399,-234.265,1.95878,22.9399,-234.265,0.0315648
1256,1256,0,0.662446,0.17296,0.698115,-0.209491,2.1993,23.179,-234.311,2.1993,23.179,-234.311,0.0270427
1264,1264,0,0.662358,0.172676,0.697138,-0.21322,2.5156,22.7345,-234.304,2.5156,22.7345,-234.304,0.0344787
1272,1272,0,0.661075,0.17564,0.69742,-0.21386,2.27471,23.4176,-234.12,2.27471,23.4176,-234.12,0.0456913
1280,1280,0,0.65969,0.178457,0.697323,-0.21611,2.03248,23.9347,-234.273,2.03248,23.9347,-234.273,0.0457501
1288,1288,0,0.659439,0.18279,0.695524,-0.21903,2.80974,24.3995,-234.629,2.80974,24.3995,-234.629,0.020182
1296,1296,0,0.658416,0.185045,0.694885,-0.222219,2.95717,24.5809,-234.532,2.95717,24.5809,-234.532,0.0371665
1304,1304,0,0.657514,0.186178,0.694602,-0.224814,3.1335,24.7607,-235.04,3.1335,24.7607,-235.04,0.0190586
1312,1312,0,0.656808,0.187375,0.694175,-0.227191,3.21298,24.791,-234.866,3.21298,24.791,-234.866,0.0316966
1320,1320,0,0.655441,0.18851,0.694484,-0.229248,2.97684,25.118,-234.921,2.97684,25.118,-234.921,0.0227662
1328,1328,0,0.654131,0.190094,0.694227,-0.232436,2.96622,25.196,-235.099,2.96622,25.196,-235.099,0.0210288
1336,1336,0,0.653877,0.192294,0.69333,-0.234011,3.34021,25.4699,-234.542,3.34021,25.4699,-234.542,0.0187354
1344,1344,0,0.652018,0.19489,0.69384,-0.235534,3.03743,26.1822,-234.632,3.03743,26.1822,-234.632,0.047901
1352,1352,0,0.652615,0.199034,0.691564,-0.237104,3.80669,26.3102,-234.459,3.80669,26.3102,-234.459,0.0536994
1360,1360,0,0.651754,0.200488,0.691271,-0.239093,3.8981,26.3687,-234.329,3.8981,26.3687,-234.329,0.0279886
1368,1368,0,0.651637,0.203147,0.689667,-0.241787,4.54257,26.6247,-234.727,4.54257,26.6247,-234.727,0.0443626
1376,1376,0,0.647831,0.204969,0.691513,-0.245181,3.70936,27.4585,-234.44,3.70936,27.4585,-234.44,0.0517087
1384,1384,0,0.647822,0.207119,0.690461,-0.246357,3.91472,27.408,-234.282,3.91472,27.408,-234.282,0.0426056
1392,1392,0,0.64531,0.206343,0.691044,-0.251907,3.64616,27.3433,-234.276,3.64616,27.3433,-234.276,0.0392833
1400,1400,0,0.645518,0.207588,0.689267,-0.255196,4.30795,27.0271,-234.364,4.30795,27.0271,-234.364,0.0326171
1408,1408,0,0.644178,0.212222,0.689302,-0.254676,4.32087,28.3396,-234.383,4.32087,28.3396,-234.383,0.0267871
1416,1416,0,0.644288,0.212502,0.688619,-0.256008,4.36503,28.0345,-234.268,4.36503,28.0345,-234.268,0.0325632
1424,1424,0,0.643979,0.21246,0.687552,-0.259662,4.54863,27.5009,-234.443,4.54863,27.5009,-234.443,0.0703637
1432,1432,0,0.641923,0.211407,0.688477,-0.263139,4.33811,27.8819,-234.963,4.33811,27.8819,-234.963,0.0153082
1440,1440,0,0.640118,0.21612,0.687934,-0.265117,4.45485,28.6414,-234.611,4.45485,28.6414,-234.611,0.0707918
1448,1448,0,0.639726,0.220599,0.685786,-0.267926,5.1568,28.8363,-234.168,5.1568,28.8363,-234.168,0.035869
1456,1456,0,0.63873,0.222615,0.685616,-0.269066,5.19526,29.2293,-234.617,5.19526,29.2293,-234.617,0.0403482
1464,1464,0,0.638488,0.222983,0.684715,-0.271619,5.23586,28.7461,-234.553,5.23586,28.7461,-234.553,0.0324213
1472,1472,0,0.637004,0.224074,0.685091,-0.273251,5.02874,29.0665,-234.709,5.02874,29.0665,-234.709,0.0210403
1480,1480,0,0.636328,0.226259,0.684312,-0.274973,5.37993,29.3576,-234.207,5.37993,29.3576,-234.207,0.0261169
1488,1488,0,0.635293,0.227141,0.683899,-0.277655,5.4861,29.4031,-234.292,5.4861,29.4031,-234.292,0.0257865
1496,1496,0,0.63337,0.227407,0.683863,-0.281887,5.29621,29.178,-234.694,5.29621,29.178,-234.694,0.0293795
1504,1504,0,0.63175,0.229226,0.683997,-0.283718,4.98034,29.4692,-234.842,4.98034,29.4692,-234.842,0.0239345
1512,1512,0,0.631213,0.233398,0.682467,-0.28519,5.59799,30.0068,-234.643,5.59799,30.0068,-234.643,0.0329627
1520,1520,0,0.629615,0.236885,0.681962,-0.287053,5.74432,30.6694,-234.169,5.74432,30.6694,-234.169,0.0602086
1528,1528,0,0.628992,0.237519,0.681437,-0.289131,5.87754,30.6463,-234.185,5.87754,30.6463,-234.185,0.0474736
1536,1536,0,0.629133,0.240132,0.678992,-0.2924,6.75645,30.3595,-234.043,6.75645,30.3595,-234.043,0.0292686
1544,1544,0,0.627945,0.243918,0.679069,-0.291642,6.73183,31.5576,-233.975,6.73183,31.5576,-233.975,0.0349093
1552,1552,0,0.627364,0.24776,0.677878,-0.292424,6.84158,31.7376,-234.282,6.84158,31.7376,-234.282,0.0842692
1560,1560,0,0.625502,0.244455,0.679153,-0.296209,6.64289,31.6087,-234.134,6.64289,31.6087,-234.134,0.0421521
1568,1568,0,0.624607,0.246506,0.679289,-0.296086,6.59052,32.2347,-234.261,6.59052,32.2347,-234.261,0.0549947
1576,1576,0,0.623768,0.245391,0.678638,-0.300243,6.75888,31.6107,-234.126,6.75888,31.6107,-234.126,0.0581349
1584,1584,0,0.623593,0.248479,0.676841,-0.302121,7.35699,31.5968,-233.965,7.35699,31.5968,-233.965,0.0728213
1592,1592,0,0.620226,0.249051,0.677965,-0.306033,6.97082,32.1155,-233.884,6.97082,32.1155,-233.884,0.0584479
1600,1600,0,0.619505,0.254322,0.675693,-0.308177,7.69361,32.5666,-233.957,7.69361,32.5666,-233.957,0.027384
1608,1608,0,0.617538,0.258294,0.6759,-0.308367,7.77875,33.8081,-234.35,7.77875,33.8081,-234.35,0.0483302
1616,1616,0,0.616606,0.255621,0.675106,-0.314145,7.6905,32.856,-234.217,7.6905,32.856,-234.217,0.0421853
1624,1624,0,0.616667,0.262221,0.672839,-0.313448,8.02938,33.2343,-234.236,8.02938,33.2343,-234.236,0.0470494
1632,1632,0,0.615239,0.264625,0.672508,-0.314942,8.1475,33.7235,-233.923,8.1475,33.7235,-233.923,0.0582423
1640,1640,0,0.613953,0.264117,0.672216,-0.31848,8.32668,33.6215,-234.274,8.32668,33.6215,-234.274,0.0364883
1648,1648,0,0.61305,0.268406,0.671267,-0.318636,8.43671,34.2437,-234.393,8.43671,34.2437,-234.393,0.0659182
1656,1656,0,0.611448,0.268657,0.670554,-0.322974,8.66263,34.0576,-234.137,8.66263,34.0576,-234.137,0.0346752
1664,1664,0,0.60786,0.26876,0.671305,-0.328061,8.51409,34.4362,-234.3,8.51409,34.4362,-234.3,0.0930359
1672,1672,0,0.608732,0.272655,0.669154,-0.327625,9.06751,34.5201,-233.765,9.06751,34.5201,-233.765,0.0559923
1680,1680,0,0.608043,0.274946,0.667991,-0.329359,9.3277,34.6113,-233.712,9.3277,34.6113,-233.712,0.04304
1688,1688,0,0.605479,0.276148,0.669098,-0.330825,8.84829,35.1906,-234.17,8.84829,35.1906,-234.17,0.062766
1696,1696,0,0.605415,0.275467,0.667589,-0.334539,9.44144,34.6234,-234.235,9.44144,34.6234,-234.235,0.0500972
1704,1704,0,0.604559,0.280303,0.666001,-0.335233,9.66429,35.114,-234.449,9.66429,35.114,-234.449,0.0478312
1712,1712,0,0.602869,0.282535,0.665394,-0.3376,9.63502,35.3728,-234.289,9.63502,35.3728,-234.289,0.0526222
1720,1720,0,0.600728,0.284951,0.665391,-0.339388,9.78493,35.9941,-234.356,9.78493,35.9941,-234.356,0.0493899
1728,1728,0,0.598823,0.285756,0.665496,-0.341861,9.8516,36.3231,-234.178,9.8516,36.3231,-234.178,0.0371222
1736,1736,0,0.596735,0.285114,0.666427,-0.344226,9.45023,36.5244,-234.415,9.45023,36.5244,-234.415,0.0611058
1744,1744,0,0.597148,0.287101,0.66398,-0.34658,10.1508,36.1177,-234.22,10.1508,36.1177,-234.22,0.0453721
1752,1752,0,0.596215,0.292363,0.663627,-0.344456,10.2717,37.2161,-233.95,10.2717,37.2161,-233.95,0.0698176
1760,1760,0,0.594595,0.299319,0.66381,-0.340911,10.3796,38.9642,-234.28,10.3796,38.9642,-234.28,0.110175
1768,1768,0,0.593065,0.293693,0.661436,-0.352874,10.5488,36.6275,-233.846,10.5488,36.6275,-233.846,0.0467658
1776,1776,0,0.592133,0.297562,0.659726,-0.354398,11.4044,37.3326,-233.928,11.4044,37.3326,-233.928,0.0708171
1784,1784,0,0.590799,0.299098,0.659388,-0.355957,11.2739,37.4114,-233.689,11.2739,37.4114,-233.689,0.0651212
1792,1792,0,0.588718,0.299376,0.659443,-0.359053,11.1992,37.6936,-233.949,11.1992,37.6936,-233.949,0.0574917
1800,1800,0,0.586506,0.299857,0.659584,-0.362002,11.1875,37.6425,-233.951,11.1875,37.6425,-233.951,0.0349225
1808,1808,0,0.586924,0.302087,0.657753,-0.362802,11.7105,37.5851,-233.814,11.7105,37.5851,-233.814,0.0381514
1816,1816,0,0.585032,0.303852,0.657119,-0.36552,11.7224,37.8278,-234.237,11.7224,37.8278,-234.237,0.0697766
1824,1824,0,0.584778,0.307362,0.655439,-0.366011,12.0568,38.0492,-234.144,12.0568,38.0492,-234.144,0.055965
1832,1832,0,0.58236,0.309185,0.655344,-0.368493,12.0942,38.323,-233.892,12.0942,38.323,-233.892,0.0679245
1840,1840,0,0.581392,0.310563,0.65452,-0.370321,12.1683,38.3667,-233.99,12.1683,38.3667,-233.99,0.040709
1848,1848,0,0.57933,0.310016,0.654132,-0.374672,12.442,38.2624,-234.611,12.442,38.2624,-234.611,0.045154
1856,1856,0,0.57827,0.312385,0.652646,-0.376926,12.7207,38.3509,-234.373,12.7207,38.3509,-234.373,0.0700689
1864,1864,0,0.577552,0.315959,0.651793,-0.376523,12.8406,38.9558,-233.891,12.8406,38.9558,-233.891,0.0534203
1872,1872,0,0.576191,0.317616,0.65207,-0.376734,12.8412,39.4578,-233.839,12.8412,39.4578,-233.839,0.0624621
1880,1880,0,0.57487,0.316272,0.651911,-0.380143,12.8867,38.9449,-234.37,12.8867,38.9449,-234.37,0.0716256
1888,1888,0,0.57406,0.319279,0.65029,-0.381626,13.5612,39.3537,-234.356,13.5612,39.3537,-234.356,0.111586
1896,1896,0,0.573814,0.32374,0.648325,-0.381582,13.7092,39.5093,-233.832,13.7092,39.5093,-233.832,0.120034
1904,1904,0,0.572028,0.324863,0.647178,-0.385238,14.0678,39.6517,-234.214,14.0678,39.6517,-234.214,0.0497246
1912,1912,0,0.569797,0.328231,0.645796,-0.387999,14.4535,40.1004,-234.325,14.4535,40.1004,-234.325,0.0531456
1920,1920,0,0.568519,0.330225,0.644331,-0.39061,14.6213,39.9605,-234.849,14.6213,39.9605,-234.849,0.0612047
1928,1928,0,0.566186,0.331587,0.644663,-0.392292,14.4182,40.2413,-234.206,14.4182,40.2413,-234.206,0.0563243
1936,1936,0,0.566745,0.335554,0.642813,-0.391145,14.9152,40.7857,-233.668,14.9152,40.7857,-233.668,0.110576
1944,1944,0,0.561424,0.332303,0.646644,-0.395259,13.9549,41.4322,-233.784,13.9549,41.4322,-233.784,0.0682232
1952,1952,0,0.56335,0.33506,0.64239,-0.397123,15.3579,40.5863,-233.642,15.3579,40.5863,-233.642,0.0324907
1960,1960,0,0.562686,0.336868,0.641227,-0.398411,15.1347,40.714,-234.043,15.1347,40.714,-234.043,0.0689725
1968,1968,0,0.564011,0.344232,0.63634,-0.398079,16.069,40.7069,-233.895,16.069,40.7069,-233.895,0.0940308
1976,1976,0,0.554992,0.339,0.643084,-0.40436,14.8915,41.8271,-233.617,14.8915,41.8271,-233.617,0.0522408
1984,1984,0,0.555764,0.344032,0.638735,-0.405939,15.8453,41.6001,-234.209,15.8453,41.6001,-234.209,0.028923
1992,1992,0,0.554139,0.34841,0.636887,-0.407327,16.1713,42.0468,-234.112,16.1713,42.0468,-234.112,0.0547787
2000,2000,0,0.553711,0.350222,0.635111,-0.409125,16.8038,41.9326,-233.703,16.8038,41.9326,-233.703,0.0365764
2008,2008,0,0.54999,0.347309,0.63684,-0.41391,16.2585,41.8087,-234.995,16.2585,41.8087,-234.995,0.0504625
2016,2016,0,0.550353,0.352041,0.634701,-0.412714,16.6673,42.1985,-234.632,16.6673,42.1985,-234.632,0.070851
2024,2024,0,0.54916,0.355577,0.632954,-0.413954,17.0463,42.4239,-233.721,17.0463,42.4239,-233.721,0.110903
2032,2032,0,0.547153,0.355569,0.633059,-0.41645,17.1657,42.6915,-234.137,17.1657,42.6915,-234.137,0.0715044
2040,2040,0,0.546333,0.357683,0.632306,-0.41686,17.1856,42.9753,-233.93,17.1856,42.9753,-233.93,0.0531105
2048,2048,0,0.545606,0.357345,0.631881,-0.418742,17.3124,42.7531,-233.687,17.3124,42.7531,-233.687,0.0451289
2056,2056,0,0.543379,0.357048,0.632643,-0.420735,16.8731,42.8345,-233.617,16.8731,42.8345,-233.617,0.0584553
2064,2064,0,0.542297,0.356282,0.633277,-0.421826,16.6516,42.8115,-233.506,16.6516,42.8115,-233.506,0.0585765
2072,2072,0,0.542773,0.356827,0.632141,-0.422456,16.8914,42.5307,-233.453,16.8914,42.5307,-233.453,0.056872
2080,2080,0,0.542738,0.357546,0.631738,-0.422497,17.1567,42.7059,-233.495,17.1567,42.7059,-233.495,0.0505478
2088,2088,0,0.543076,0.357681,0.631547,-0.422234,17.1144,42.6666,-233.672,17.1144,42.6666,-233.672,0.0495517
2096,2096,0,0.544021,0.358869,0.630472,-0.421614,17.5766,42.6693,-233.981,17.5766,42.6693,-233.981,0.0408513
2104,2104,0,0.542432,0.355741,0.632681,-0.423002,17.3094,42.8569,-233.902,17.3094,42.8569,-233.902,0.0735079
2112,2112,0,0.542002,0.358381,0.632257,-0.421959,17.242,43.2179,-233.886,17.242,43.2179,-233.886,0.0617343
2120,2120,0,0.541645,0.358476,0.632357,-0.422186,17.517,43.507,-233.72,17.517,43.507,-233.72,0.0910046
2128,2128,0,0.543309,0.357331,0.631966,-0.421604,17.1763,42.6713,-233.81,17.1763,42.6713,-233.81,0.0558416
2136,2136,0,0.544557,0.354505,0.632855,-0.421044,16.8461,42.2053,-233.873,16.8461,42.2053,-233.873,0.0493484
2144,2144,0,0.545505,0.352015,0.634797,-0.41898,16.5659,42.2533,-233.825,16.5659,42.2533,-233.825,0.0505831
2152,2152,0,0.54636,0.348241,0.637186,-0.417388,15.9192,42.0292,-233.988,15.9192,42.0292,-233.988,0.0457436
2160,2160,0,0.548817,0.347098,0.637361,-0.414842,15.8218,41.6354,-233.617,15.8218,41.6354,-233.617,0.0533772
2168,2168,0,0.548454,0.343412,0.640235,-0.413963,14.9107,41.6538,-233.484,14.9107,41.6538,-233.484,0.0888529
2176,2176,0,0.550305,0.342642,0.639587,-0.413145,15.0542,41.108,-233.429,15.0542,41.108,-233.429,0.0597531
2184,2184,0,0.55227,0.342058,0.639757,-0.410738,15.3696,41.2516,-233.943,15.3696,41.2516,-233.943,0.0548375
2192,2192,0,0.553112,0.34109,0.640204,-0.409711,15.1974,41.0244,-233.748,15.1974,41.0244,-233.748,0.0441387
2200,2200,0,0.55391,0.33903,0.641416,-0.408445,14.8646,40.8376,-233.713,14.8646,40.8376,-233.713,0.0575297
2208,2208,0,0.554327,0.336486,0.643215,-0.407155,14.4901,40.8145,-233.649,14.4901,40.8145,-233.649,0.0446617
2216,2216,0,0.556567,0.335074,0.643029,-0.405551,14.5202,40.3908,-233.74,14.5202,40.3908,-233.74,0.0404696
2224,2224,0,0.556937,0.334504,0.643723,-0.404412,14.504,40.4309,-233.598,14.504,40.4309,-233.598,0.0486874
2232,2232,0,0.558773,0.332142,0.643815,-0.403679,14.5365,40.1139,-234.551,14.5365,40.1139,-234.551,0.0543605
2240,2240,0,0.560224,0.329842,0.644295,-0.402787,14.3102,39.9685,-235.167,14.3102,39.9685,-235.167,0.0566997
2248,2248,0,0.558376,0.326282,0.648415,-0.401641,13.219,40.2997,-235.088,13.219,40.2997,-235.088,0.0887379
2256,2256,0,0.560136,0.328423,0.645854,-0.401569,13.9482,39.5092,-233.496,13.9482,39.5092,-233.496,0.0571014
2264,2264,0,0.55794,0.32519,0.648582,-0.402858,12.9111,39.3115,-232.949,12.9111,39.3115,-232.949,0.0667089
2272,2272,0,0.561323,0.324432,0.647151,-0.40107,13.551,38.9013,-233.457,13.551,38.9013,-233.457,0.0457664
2280,2280,0,0.56353,0.322615,0.647893,-0.398231,13.31,38.7837,-234.04,13.31,38.7837,-234.04,0.052009
2288,2288,0,0.564524,0.322014,0.648372,-0.396528,13.1814,38.8004,-233.645,13.1814,38.8004,-233.645,0.0471608
2296,2296,0,0.566272,0.318146,0.649246,-0.395724,13.1189,38.1799,-234.071,13.1189,38.1799,-234.071,0.0422672
2304,2304,0,0.566093,0.318069,0.650943,-0.393249,12.7507,38.7171,-233.739,12.7507,38.7171,-233.739,0.0482031
2312,2312,0,0.567782,0.316454,0.650615,-0.392659,12.7227,38.1362,-234.158,12.7227,38.1362,-234.158,0.0400021
2320,2320,0,0.568556,0.314563,0.651391,-0.391771,12.6021,37.9675,-233.935,12.6021,37.9675,-233.935,0.0412763
2328,2328,0,0.569235,0.313631,0.652387,-0.389871,12.4238,38.0394,-233.818,12.4238,38.0394,-233.818,0.0516535
2336,2336,0,0.570927,0.313084,0.652589,-0.387489,12.404,38.0343,-233.561,12.404,38.0343,-233.561,0.0475224
2344,2344,0,0.571742,0.311255,0.653258,-0.386634,12.2402,37.7181,-233.753,12.2402,37.7181,-233.753,0.0432839
2352,2352,0,0.572382,0.307432,0.654264,-0.387045,11.8138,37.0042,-233.802,11.8138,37.0042,-233.802,0.0378756
2360,2360,0,0.572784,0.306787,0.655594,-0.384704,11.5758,37.3342,-233.733,11.5758,37.3342,-233.733,0.0540939
2368,2368,0,0.57384,0.305316,0.656217,-0.383235,11.4753,37.1878,-233.797,11.4753,37.1878,-233.797,0.0492033
2376,2376,0,0.575166,0.304129,0.656078,-0.382428,11.6142,36.9184,-233.948,11.6142,36.9184,-233.948,0.0504649
2384,2384,0,0.575286,0.302973,0.656853,-0.381835,11.3525,36.8725,-234.021,11.3525,36.8725,-234.021,0.0450278
2392,2392,0,0.575169,0.301994,0.657695,-0.381336,11.0789,36.8501,-233.961,11.0789,36.8501,-233.961,0.0433929
2400,2400,0,0.57595,0.301278,0.657687,-0.380738,11.0685,36.6471,-233.829,11.0685,36.6471,-233.829,0.049476
2408,2408,0,0.577425,0.296638,0.657782,-0.381981,11.2231,35.5821,-234.238,11.2231,35.5821,-234.238,0.0589205
2416,2416,0,0.578915,0.297051,0.658114,-0.37882,11.4405,35.7539,-234.819,11.4405,35.7539,-234.819,0.0311039
2424,2424,0,0.583041,0.298136,0.656373,-0.374636,12.0793,35.4214,-234.701,12.0793,35.4214,-234.701,0.078636
2432,2432,0,0.5799,0.291231,0.662047,-0.37496,9.88481,35.497,-233.935,9.88481,35.497,-233.935,0.038723
2440,2440,0,0.579741,0.288888,0.66468,-0.372352,9.42647,35.9035,-233.932,9.42647,35.9035,-233.932,0.0364195
2448,2448,0,0.583221,0.288974,0.663015,-0.36981,9.90226,35.307,-234.069,9.90226,35.307,-234.069,0.0387882
2456,2456,0,0.584403,0.286812,0.663369,-0.368991,9.76645,34.824,-234.035,9.76645,34.824,-234.035,0.0381286
2464,2464,0,0.584823,0.286775,0.664042,-0.367138,9.53724,35.1085,-234.009,9.53724,35.1085,-234.009,0.0432572
2472,2472,0,0.585789,0.285439,0.66403,-0.366661,9.50406,34.7125,-233.923,9.50406,34.7125,-233.923,0.0480373
2480,2480,0,0.585854,0.284233,0.665215,-0.365342,9.3032,34.7601,-233.944,9.3032,34.7601,-233.944,0.0450092
2488,2488,0,0.587015,0.283837,0.664786,-0.364567,9.37976,34.3165,-233.595,9.37976,34.3165,-233.595,0.042893
2496,2496,0,0.58815,0.281207,0.666359,-0.361894,9.0371,34.3568,-234.189,9.0371,34.3568,-234.189,0.0427436
2504,2504,0,0.592932,0.281402,0.663735,-0.358749,9.94428,33.4859,-234.032,9.94428,33.4859,-234.032,0.0664717
2512,2512,0,0.592493,0.277178,0.666706,-0.357251,9.18304,33.424,-234.212,9.18304,33.424,-234.212,0.0357032
2520,2520,0,0.593234,0.275038,0.667846,-0.355541,8.90579,33.2047,-234.031,8.90579,33.2047,-234.031,0.0308433
2528,2528,0,0.593172,0.272809,0.669496,-0.354255,8.25825,33.2713,-234.01,8.25825,33.2713,-234.01,0.0339188
2536,2536,0,0.594377,0.267095,0.670018,-0.355601,8.0773,32.0573,-234.122,8.0773,32.0573,-234.122,0.0346539
2544,2544,0,0.595717,0.268671,0.671124,-0.350043,7.95768,32.9255,-233.529,7.95768,32.9255,-233.529,0.0640664
2552,2552,0,0.596857,0.266921,0.671687,-0.348357,7.7887,32.5747,-233.571,7.7887,32.5747,-233.571,0.0522903
2560,2560,0,0.597557,0.265273,0.672933,-0.346002,7.59026,32.5563,-233.931,7.59026,32.5563,-233.931,0.0435821
2568,2568,0,0.597506,0.264041,0.673318,-0.346283,7.43533,32.0824,-233.6,7.43533,32.0824,-233.6,0.0493589
2576,2576,0,0.597732,0.261817,0.674709,-0.344872,6.96866,32.192,-233.903,6.96866,32.192,-233.903,0.0615037
2584,2584,0,0.600419,0.260455,0.673747,-0.343113,7.33098,31.5934,-234.138,7.33098,31.5934,-234.138,0.0432343
2592,2592,0,0.601827,0.259423,0.674481,-0.33997,7.2013,31.5299,-234.091,7.2013,31.5299,-234.091,0.0585297
2600,2600,0,0.602865,0.257549,0.675443,-0.337636,7.00096,31.456,-234.101,7.00096,31.456,-234.101,0.0445639
2608,2608,0,0.602897,0.254441,0.677056,-0.336706,6.51119,31.3908,-234.039,6.51119,31.3908,-234.039,0.0405728
2616,2616,0,0.603141,0.251038,0.677991,-0.336942,6.15044,30.5434,-234.062,6.15044,30.5434,-234.062,0.0614383
2624,2624,0,0.602881,0.252208,0.680066,-0.33232,5.57002,31.5198,-233.914,5.57002,31.5198,-233.914,0.0709195
2632,2632,0,0.60625,0.249452,0.678297,-0.331885,6.06829,30.3406,-233.914,6.06829,30.3406,-233.914,0.0488853
2640,2640,0,0.6072,0.246928,0.678516,-0.331589,5.71853,29.5005,-233.746,5.71853,29.5005,-233.746,0.0918069
2648,2648,0,0.608054,0.245972,0.679463,-0.328782,5.89398,30.0546,-233.703,5.89398,30.0546,-233.703,0.0747724
2656,2656,0,0.609987,0.246224,0.679267,-0.325401,6.19066,30.1914,-233.656,6.19066,30.1914,-233.656,0.0496938
2664,2664,0,0.61108,0.242646,0.680069,-0.324361,5.90366,29.5364,-234.09,5.90366,29.5364,-234.09,0.0346145
2672,2672,0,0.611026,0.237495,0.681332,-0.325623,5.42653,28.5914,-234.25,5.42653,28.5914,-234.25,0.047702
2680,2680,0,0.612075,0.237974,0.681771,-0.322369,5.21521,28.7668,-234.392,5.21521,28.7668,-234.392,0.0387551
2688,2688,0,0.613578,0.235858,0.682777,-0.318919,5.22628,28.8782,-234.403,5.22628,28.8782,-234.403,0.049304
2696,2696,0,0.615192,0.234594,0.682795,-0.316694,5.02539,28.6116,-233.915,5.02539,28.6116,-233.915,0.0606276
2704,2704,0,0.616406,0.233263,0.68298,-0.314913,5.20445,28.3866,-234.017,5.20445,28.3866,-234.017,0.0439669
2712,2712,0,0.617501,0.232905,0.682975,-0.313037,5.40721,28.4761,-234.238,5.40721,28.4761,-234.238,0.0431505
2720,2720,0,0.617722,0.231425,0.683503,-0.312549,5.01819,28.1321,-234.064,5.01819,28.1321,-234.064,0.0357381
2728,2728,0,0.616785,0.230344,0.684721,-0.312531,4.53057,28.0792,-234.319,4.53057,28.0792,-234.319,0.0337929
2736,2736,0,0.617094,0.226783,0.685495,-0.312827,4.26863,27.5542,-234.26,4.26863,27.5542,-234.26,0.0454023
2744,2744,0,0.6183,0.226609,0.685965,-0.309527,4.20891,27.6044,-234.033,4.20891,27.6044,-234.033,0.0316263
2752,2752,0,0.620498,0.221203,0.686026,-0.308902,4.32766,26.5175,-234.356,4.32766,26.5175,-234.356,0.0327738
2760,2760,0,0.621349,0.222299,0.687531,-0.303002,3.98432,27.2124,-234.571,3.98432,27.2124,-234.571,0.0482594
2768,2768,0,0.624874,0.218699,0.686815,-0.299981,4.69039,26.2866,-233.849,4.69039,26.2866,-233.849,0.0414171
2776,2776,0,0.624159,0.212866,0.689561,-0.299364,3.49211,25.7785,-233.683,3.49211,25.7785,-233.683,0.0390362
2784,2784,0,0.625934,0.212363,0.689664,-0.295756,3.48189,25.9324,-234.1,3.48189,25.9324,-234.1,0.048462
2792,2792,0,0.627306,0.211293,0.689476,-0.294051,3.72329,25.6988,-234.058,3.72329,25.6988,-234.058,0.0321889
2800,2800,0,0.628024,0.211674,0.690116,-0.290725,3.60036,26.0365,-234.267,3.60036,26.0365,-234.267,0.0413141
2808,2808,0,0.62702,0.211194,0.691726,-0.289411,2.89669,26.2774,-234.331,2.89669,26.2774,-234.331,0.0761302
2816,2816,0,0.62791,0.20632,0.691252,-0.292116,3.09037,24.9058,-234.322,3.09037,24.9058,-234.322,0.0409568
2824,2824,0,0.629335,0.207008,0.6906,-0.290098,3.61446,25.0436,-234.297,3.61446,25.0436,-234.297,0.0219485
2832,2832,0,0.628613,0.200737,0.692297,-0.292018,2.89587,24.1208,-234.307,2.89587,24.1208,-234.307,0.0364488
2840,2840,0,0.629447,0.201861,0.692943,-0.287887,2.68215,24.5284,-234.144,2.68215,24.5284,-234.144,0.0494697
2848,2848,0,0.630502,0.199827,0.693916,-0.284634,2.36774,24.571,-234.154,2.36774,24.571,-234.154,0.0452992
2856,2856,0,0.633944,0.198657,0.692041,-0.282366,3.25771,23.8685,-233.797,3.25771,23.8685,-233.797,0.0305741
2864,2864,0,0.633839,0.195451,0.69398,-0.280071,2.62505,23.7161,-234.386,2.62505,23.7161,-234.386,0.0345718
2872,2872,0,0.634358,0.194122,0.694715,-0.27799,2.43638,23.7565,-234.47,2.43638,23.7565,-234.47,0.0340061
2880,2880,0,0.634775,0.195448,0.695767,-0.27344,2.33967,24.4795,-234.392,2.33967,24.4795,-234.392,0.0498427
2888,2888,0,0.636348,0.191992,0.695041,-0.274079,2.33114,23.174,-233.898,2.33114,23.174,-233.898,0.0589086
2896,2896,0,0.636744,0.190983,0.69587,-0.271754,2.26008,23.4701,-234.087,2.26008,23.4701,-234.087,0.0348711
2904,2904,0,0.638143,0.189124,0.695978,-0.269483,2.38978,23.1498,-234.364,2.38978,23.1498,-234.364,0.0431011
2912,2912,0,0.637459,0.186715,0.697743,-0.268216,1.73327,23.1011,-234.163,1.73327,23.1011,-234.163,0.0353336
2920,2920,0,0.639943,0.18423,0.696719,-0.266676,2.30857,22.2857,-233.569,2.30857,22.2857,-233.569,0.0264808
2928,2928,0,0.638969,0.181063,0.698498,-0.266527,1.47559,22.0846,-233.747,1.47559,22.0846,-233.747,0.0333699
2936,2936,0,0.64065,0.179553,0.69811,-0.264522,1.88868,21.9732,-234.076,1.88868,21.9732,-234.076,0.036677
2944,2944,0,0.640324,0.179071,0.698992,-0.263306,1.51229,22.0589,-234.047,1.51229,22.0589,-234.047,0.0338993
2952,2952,0,0.641011,0.17911,0.699178,-0.261103,1.57211,22.1002,-233.839,1.57211,22.1002,-233.839,0.0428234
2960,2960,0,0.64246,0.178372,0.699374,-0.2575,1.6262,22.016,-233.737,1.6262,22.016,-233.737,0.0500545
2968,2968,0,0.644352,0.176001,0.699669,-0.253568,1.80459,21.7385,-233.547,1.80459,21.7385,-233.547,0.0273131
2976,2976,0,0.645376,0.173084,0.700846,-0.249693,1.4608,21.7118,-233.787,1.4608,21.7118,-233.787,0.025256
2984,2984,0,0.645414,0.168523,0.701737,-0.250214,1.0373,20.8677,-234.147,1.0373,20.8677,-234.147,0.0314898
2992,2992,0,0.645112,0.169276,0.703256,-0.246185,0.548838,21.4204,-234.505,0.548838,21.4204,-234.505,0.0631002
3000,3000,0,0.64729,0.165719,0.702226,-0.245829,1.00325,20.5098,-233.926,1.00325,20.5098,-233.926,0.0212332
3008,3008,0,0.647085,0.164882,0.703191,-0.24417,0.75902,20.5457,-234.019,0.75902,20.5457,-234.019,0.0254303
3016,3016,0,0.649125,0.158853,0.702237,-0.245492,1.35946,19.259,-234.374,1.35946,19.259,-234.374,0.0381406
3024,3024,0,0.648261,0.160967,0.70435,-0.240292,0.592367,20.447,-234.066,0.592367,20.447,-234.066,0.0337414
3032,3032,0,0.651814,0.157164,0.702238,-0.239375,1.37435,19.1843,-233.874,1.37435,19.1843,-233.874,0.0291585
3040,3040,0,0.650774,0.153445,0.705198,-0.23589,0.352702,19.5908,-234.497,0.352702,19.5908,-234.497,0.0188716
3048,3048,0,0.652193,0.155424,0.705342,-0.230174,0.58995,19.9382,-233.889,0.58995,19.9382,-233.889,0.0287217
3056,3056,0,0.652667,0.151509,0.706533,-0.227775,0.179834,19.6007,-233.979,0.179834,19.6007,-233.979,0.0390971
3064,3064,0,0.65406,0.148982,0.706132,-0.226689,0.471619,19.0375,-233.993,0.471619,19.0375,-233.993,0.028303
3072,3072,0,0.653996,0.149078,0.706711,-0.224998,0.134378,19.115,-233.964,0.134378,19.115,-233.964,0.0325453
3080,3080,0,0.655184,0.148162,0.706418,-0.223063,0.544525,19.0326,-233.796,0.544525,19.0326,-233.796,0.0294295
3088,3088,0,0.655794,0.146087,0.706863,-0.221219,0.409,18.8929,-233.979,0.409,18.8929,-233.979,0.0287491
3096,3096,0,0.657336,0.142595,0.705889,-0.222033,0.641467,17.6287,-233.526,0.641467,17.6287,-233.526,0.0442275
3104,3104,0,0.656248,0.138864,0.708033,-0.22078,-0.211765,17.5077,-233.914,-0.211765,17.5077,-233.914,0.0241214
3112,3112,0,0.658205,0.138905,0.706599,-0.219523,0.552497,17.1794,-233.519,0.552497,17.1794,-233.519,0.0338849
3120,3120,0,0.658128,0.135377,0.708322,-0.216384,0.0343323,17.3629,-233.647,0.0343323,17.3629,-233.647,0.0375928
3128,3128,0,0.658961,0.134133,0.70959,-0.210386,-0.374093,17.4725,-233.944,-0.374093,17.4725,-233.944,0.0353172
3136,3136,0,0.659485,0.132784,0.709882,-0.208604,-0.375334,17.3564,-233.536,-0.375334,17.3564,-233.536,0.0246866
3144,3144,0,0.659569,0.131123,0.710406,-0.207602,-0.583295,17.1821,-233.758,-0.583295,17.1821,-233.758,0.0310385
3152,3152,0,0.659985,0.129731,0.710619,-0.206423,-0.703596,16.9816,-233.846,-0.703596,16.9816,-233.846,0.0315168
3160,3160,0,0.660165,0.125407,0.710775,-0.207976,-0.827828,16.1151,-233.742,-0.827828,16.1151,-233.742,0.0298827
3168,3168,0,0.660774,0.12612,0.711138,-0.204344,-0.76614,16.4894,-233.84,-0.76614,16.4894,-233.84,0.032105
3176,3176,0,0.662102,0.125752,0.710947,-0.200905,-0.572842,16.6867,-233.973,-0.572842,16.6867,-233.973,0.0482716
3184,3184,0,0.662017,0.122156,0.711976,-0.199756,-1.13557,16.2731,-233.683,-1.13557,16.2731,-233.683,0.0617252
3192,3192,0,0.662976,0.12212,0.7117,-0.197568,-0.818427,16.4383,-233.415,-0.818427,16.4383,-233.415,0.0448467
3200,3200,0,0.662414,0.118452,0.712934,-0.197235,-1.37369,15.9432,-233.596,-1.37369,15.9432,-233.596,0.0304925
