72,72,0,0.449273,-0.509044,0.57586,-0.455427,80.679,-15.2475,-145.769,80.679,-15.2475,-145.769,0.0594532
80,80,0,0.447151,-0.509336,0.581362,-0.450169,80.7103,-15.1935,-145.554,80.7103,-15.1935,-145.554,0.0519963
88,88,0,0.444735,-0.509386,0.587018,-0.445136,80.7037,-15.1024,-145.32,80.7037,-15.1024,-145.32,0.0550747
96,96,0,0.441415,-0.509136,0.592803,-0.441044,80.6874,-15.0528,-145.072,80.6874,-15.0528,-145.072,0.0521879
104,104,0,0.438053,-0.508389,0.5987,-0.437273,80.6989,-14.9214,-144.897,80.6989,-14.9214,-144.897,0.0513168
112,112,0,0.433945,-0.50748,0.604355,-0.43464,80.6555,-14.8873,-144.695,80.6555,-14.8873,-144.695,0.0448673
120,120,0,0.431188,-0.505636,0.609936,-0.431726,80.7081,-14.7105,-144.516,80.7081,-14.7105,-144.516,0.0502447
128,128,0,0.428363,-0.503242,0.615488,-0.42945,80.7036,-14.6059,-144.384,80.7036,-14.6059,-144.384,0.0498583
136,136,0,0.426607,-0.499793,0.621376,-0.426738,80.692,-14.4353,-144.264,80.692,-14.4353,-144.264,0.0583227
144,144,0,0.423076,-0.497632,0.625425,-0.426863,80.6928,-14.3373,-144.16,80.6928,-14.3373,-144.16,0.0486068
152,152,0,0.419917,-0.495578,0.628487,-0.427874,80.7373,-14.1183,-144.127,80.7373,-14.1183,-144.127,0.0533618
160,160,0,0.416119,-0.493547,0.631013,-0.430207,80.7416,-14.0036,-144.106,80.7416,-14.0036,-144.106,0.0504278
168,168,0,0.413399,-0.490709,0.633403,-0.432558,80.7745,-13.8302,-144.055,80.7745,-13.8302,-144.055,0.0584246
176,176,0,0.411004,-0.487425,0.635904,-0.434879,80.752,-13.6368,-144.022,80.752,-13.6368,-144.022,0.0551425
184,184,0,0.409317,-0.483471,0.63812,-0.43763,80.7739,-13.4603,-144.069,80.7739,-13.4603,-144.069,0.0596783
192,192,0,0.408584,-0.478888,0.640547,-0.439802,80.774,-13.2886,-144.11,80.774,-13.2886,-144.11,0.0540465
200,200,0,0.40981,-0.473256,0.642927,-0.441282,80.8269,-13.0704,-144.203,80.8269,-13.0704,-144.203,0.0643251
208,208,0,0.411403,-0.467234,0.645266,-0.442799,80.7812,-13.0002,-144.297,80.7812,-13.0002,-144.297,0.0628728
216,216,0,0.414967,-0.460648,0.647317,-0.443382,80.8643,-12.8657,-144.486,80.8643,-12.8657,-144.486,0.0692947
224,224,0,0.419139,-0.453501,0.649838,-0.443138,80.8074,-12.7478,-144.527,80.8074,-12.7478,-144.527,0.0656801
232,232,0,0.42405,-0.44652,0.651448,-0.443189,80.8139,-12.6754,-144.719,80.8139,-12.6754,-144.719,0.0694934
240,240,0,0.429209,-0.440055,0.652297,-0.443441,80.8135,-12.62,-144.874,80.8135,-12.62,-144.874,0.0677197
248,248,0,0.435384,-0.433546,0.652719,-0.443212,80.8492,-12.5632,-145.086,80.8492,-12.5632,-145.086,0.0708957
256,256,0,0.441728,-0.427368,0.652684,-0.442986,80.8023,-12.5641,-145.27,80.8023,-12.5641,-145.27,0.0695451
264,264,0,0.448785,-0.421766,0.651691,-0.442723,80.8234,-12.5901,-145.519,80.8234,-12.5901,-145.519,0.0691631
272,272,0,0.456399,-0.416668,0.650183,-0.441984,80.7857,-12.6477,-145.705,80.7857,-12.6477,-145.705,0.0690645
280,280,0,0.464733,-0.41222,0.648016,-0.440652,80.8276,-12.6638,-145.981,80.8276,-12.6638,-145.981,0.0765143
288,288,0,0.471807,-0.409044,0.645393,-0.439942,80.8246,-12.7785,-146.198,80.8246,-12.7785,-146.198,0.0726201
296,296,0,0.47911,-0.406244,0.643004,-0.438138,80.8648,-12.8051,-146.347,80.8648,-12.8051,-146.347,0.0760432
304,304,0,0.485443,-0.404317,0.640888,-0.436046,80.8345,-12.887,-146.493,80.8345,-12.887,-146.493,0.0839454
312,312,0,0.490653,-0.403572,0.638539,-0.434348,80.8674,-13.0216,-146.639,80.8674,-13.0216,-146.639,0.0807988
320,320,0,0.495466,-0.403386,0.636603,-0.431892,80.8353,-13.148,-146.749,80.8353,-13.148,-146.749,0.0794002
328,328,0,0.500009,-0.403666,0.634822,-0.429006,80.8464,-13.2623,-146.855,80.8464,-13.2623,-146.855,0.0711347
336,336,0,0.504247,-0.404739,0.632973,-0.425754,80.8131,-13.4466,-146.919,80.8131,-13.4466,-146.919,0.0723415
344,344,0,0.508481,-0.405782,0.63159,-0.421761,80.7839,-13.6395,-146.91,80.7839,-13.6395,-146.91,0.0654681
352,352,0,0.512224,-0.407061,0.630708,-0.417296,80.7616,-13.7882,-146.9,80.7616,-13.7882,-146.9,0.06652
360,360,0,0.515218,-0.40883,0.630064,-0.41283,80.7748,-13.9216,-146.841,80.7748,-13.9216,-146.841,0.0589738
368,368,0,0.517838,-0.410783,0.629538,-0.408392,80.7939,-14.0472,-146.868,80.7939,-14.0472,-146.868,0.0623569
376,376,0,0.519659,-0.413133,0.62923,-0.40416,80.8051,-14.1793,-146.859,80.8051,-14.1793,-146.859,0.0601473
384,384,0,0.52113,-0.414942,0.629839,-0.399437,80.7515,-14.359,-146.745,80.7515,-14.359,-146.745,0.0531921
392,392,0,0.522487,-0.41665,0.630684,-0.394522,80.7571,-14.4486,-146.641,80.7571,-14.4486,-146.641,0.056008
400,400,0,0.523127,-0.418639,0.631653,-0.389993,80.7527,-14.5229,-146.569,80.7527,-14.5229,-146.569,0.0581484
408,408,0,0.523436,-0.420393,0.632956,-0.385555,80.7491,-14.6568,-146.474,80.7491,-14.6568,-146.474,0.0483182
416,416,0,0.524001,-0.421407,0.63485,-0.380531,80.7568,-14.7281,-146.395,80.7568,-14.7281,-146.395,0.0494183
424,424,0,0.524534,-0.421411,0.637718,-0.374957,80.7351,-14.7701,-146.265,80.7351,-14.7701,-146.265,0.0405664
432,432,0,0.52498,-0.42115,0.640729,-0.369452,80.7681,-14.7683,-146.122,80.7681,-14.7683,-146.122,0.0452201
440,440,0,0.525034,-0.420125,0.644492,-0.363957,80.757,-14.8133,-145.929,80.757,-14.8133,-145.929,0.0424617
448,448,0,0.524287,-0.419565,0.64801,-0.359405,80.7441,-14.8486,-145.88,80.7441,-14.8486,-145.88,0.0396859
456,456,0,0.522665,-0.419066,0.651739,-0.355585,80.7107,-14.8386,-145.685,80.7107,-14.8386,-145.685,0.0372596
464,464,0,0.521482,-0.418055,0.655584,-0.35142,80.769,-14.7513,-145.536,80.769,-14.7513,-145.536,0.0521603
472,472,0,0.519289,-0.417012,0.65984,-0.347924,80.7549,-14.7325,-145.39,80.7549,-14.7325,-145.39,0.0412026
480,480,0,0.51703,-0.415518,0.664191,-0.344783,80.771,-14.6848,-145.267,80.771,-14.6848,-145.267,0.041984
488,488,0,0.514291,-0.41393,0.668592,-0.342273,80.7303,-14.6642,-145.131,80.7303,-14.6642,-145.131,0.0442183
496,496,0,0.511219,-0.41302,0.672261,-0.340786,80.7688,-14.5379,-144.961,80.7688,-14.5379,-144.961,0.0389729
504,504,0,0.507366,-0.412712,0.675377,-0.340756,80.7511,-14.4343,-144.804,80.7511,-14.4343,-144.804,0.0432877
512,512,0,0.503026,-0.412646,0.677977,-0.342104,80.7741,-14.3778,-144.694,80.7741,-14.3778,-144.694,0.0436179
520,520,0,0.49938,-0.411362,0.681042,-0.342904,80.7233,-14.2672,-144.539,80.7233,-14.2672,-144.539,0.0466146
528,528,0,0.496731,-0.409828,0.683403,-0.343889,80.8132,-14.0943,-144.525,80.8132,-14.0943,-144.525,0.0445966
536,536,0,0.494191,-0.407623,0.685992,-0.345012,80.771,-13.9862,-144.434,80.771,-13.9862,-144.434,0.0435073
544,544,0,0.492043,-0.405438,0.687873,-0.346907,80.7864,-13.8873,-144.435,80.7864,-13.8873,-144.435,0.0514489
552,552,0,0.489775,-0.40376,0.689074,-0.349679,80.7674,-13.7373,-144.373,80.7674,-13.7373,-144.373,0.0522844
560,560,0,0.488098,-0.401723,0.689818,-0.35289,80.8311,-13.5923,-144.447,80.8311,-13.5923,-144.447,0.0472437
568,568,0,0.487257,-0.398959,0.690613,-0.355622,80.7935,-13.4445,-144.45,80.7935,-13.4445,-144.45,0.0513744
576,576,0,0.487701,-0.395049,0.691371,-0.357897,80.8145,-13.3583,-144.522,80.8145,-13.3583,-144.522,0.0483286
584,584,0,0.489418,-0.390539,0.691838,-0.359597,80.8412,-13.2358,-144.618,80.8412,-13.2358,-144.618,0.0614387
592,592,0,0.491616,-0.385548,0.692211,-0.361262,80.851,-13.1571,-144.778,80.851,-13.1571,-144.778,0.0556766
600,600,0,0.494712,-0.380332,0.69232,-0.362353,80.8397,-13.0465,-144.892,80.8397,-13.0465,-144.892,0.0577777
608,608,0,0.498433,-0.375442,0.691841,-0.36327,80.8916,-12.9058,-145.041,80.8916,-12.9058,-145.041,0.0623125
616,616,0,0.502068,-0.370869,0.691137,-0.364299,80.8596,-12.8577,-145.172,80.8596,-12.8577,-145.172,0.0621059
624,624,0,0.506489,-0.366302,0.690143,-0.364684,80.9059,-12.7725,-145.355,80.9059,-12.7725,-145.355,0.0646976
632,632,0,0.5108,-0.362217,0.68898,-0.364952,80.8707,-12.7467,-145.454,80.8707,-12.7467,-145.454,0.067277
640,640,0,0.515347,-0.358507,0.687574,-0.364874,80.8883,-12.7529,-145.676,80.8883,-12.7529,-145.676,0.0604839
648,648,0,0.520076,-0.355221,0.685989,-0.364361,80.8543,-12.8061,-145.802,80.8543,-12.8061,-145.802,0.0640723
656,656,0,0.525994,-0.351929,0.684145,-0.362523,80.9078,-12.7904,-145.955,80.9078,-12.7904,-145.955,0.0719286
664,664,0,0.532049,-0.348456,0.682525,-0.360086,80.8556,-12.9107,-146.098,80.8556,-12.9107,-146.098,0.0673629
672,672,0,0.538714,-0.345444,0.680627,-0.356656,80.9256,-12.9323,-146.287,80.9256,-12.9323,-146.287,0.0655224
680,680,0,0.545531,-0.343034,0.678517,-0.352618,80.934,-12.9945,-146.427,80.934,-12.9945,-146.427,0.076151
688,688,0,0.552728,-0.340229,0.676771,-0.347442,80.9258,-13.1283,-146.599,80.9258,-13.1283,-146.599,0.0595154
696,696,0,0.559318,-0.33845,0.674757,-0.342517,80.8901,-13.2999,-146.723,80.8901,-13.2999,-146.723,0.0588317
704,704,0,0.5652,-0.33777,0.672689,-0.337564,80.9189,-13.3563,-146.858,80.9189,-13.3563,-146.858,0.0576212
712,712,0,0.5701,-0.338057,0.670427,-0.333513,80.8947,-13.6431,-146.935,80.8947,-13.6431,-146.935,0.0518339
720,720,0,0.575511,-0.338143,0.668538,-0.327879,80.9,-13.8241,-147.044,80.9,-13.8241,-147.044,0.0499164
728,728,0,0.579901,-0.338759,0.666968,-0.322663,80.8462,-14.0635,-147.08,80.8462,-14.0635,-147.08,0.0464281
736,736,0,0.583516,-0.339809,0.665836,-0.317335,80.8495,-14.2232,-147.142,80.8495,-14.2232,-147.142,0.0392185
744,744,0,0.58644,-0.340953,0.665254,-0.311893,80.8748,-14.3382,-147.099,80.8748,-14.3382,-147.099,0.0385676
752,752,0,0.588301,-0.342704,0.66498,-0.307015,80.8809,-14.4453,-147.05,80.8809,-14.4453,-147.05,0.0334768
760,760,0,0.58931,-0.344507,0.665164,-0.302631,80.8553,-14.622,-146.98,80.8553,-14.622,-146.98,0.0305238
768,768,0,0.589935,-0.346375,0.6657,-0.298068,80.8445,-14.7626,-146.967,80.8445,-14.7626,-146.967,0.0331113
776,776,0,0.590155,-0.348076,0.666643,-0.293508,80.8313,-14.9004,-146.867,80.8313,-14.9004,-146.867,0.0312359
784,784,0,0.590248,-0.34938,0.668036,-0.288564,80.845,-14.9551,-146.757,80.845,-14.9551,-146.757,0.0272614
792,792,0,0.590143,-0.350858,0.66937,-0.283854,80.8987,-14.9798,-146.657,80.8987,-14.9798,-146.657,0.0358937
800,800,0,0.589288,-0.351793,0.67166,-0.279024,80.8162,-15.18,-146.523,80.8162,-15.18,-146.523,0.0194785
808,808,0,0.588783,-0.35232,0.673961,-0.273829,80.8469,-15.1901,-146.37,80.8469,-15.1901,-146.37,0.0234866
816,816,0,0.587547,-0.353276,0.676403,-0.269191,80.8882,-15.1933,-146.255,80.8882,-15.1933,-146.255,0.0312385
824,824,0,0.585322,-0.354134,0.679389,-0.265363,80.8712,-15.267,-146.104,80.8712,-15.267,-146.104,0.0238196
832,832,0,0.582148,-0.355681,0.682188,-0.263088,80.8498,-15.3463,-145.982,80.8498,-15.3463,-145.982,0.0257759
840,840,0,0.578343,-0.357661,0.684906,-0.26173,80.8676,-15.3033,-145.767,80.8676,-15.3033,-145.767,0.028463
848,848,0,0.573137,-0.360113,0.687745,-0.262373,80.8313,-15.3219,-145.604,80.8313,-15.3219,-145.604,0.0242623
856,856,0,0.567477,-0.362239,0.690879,-0.263514,80.8149,-15.2618,-145.42,80.8149,-15.2618,-145.42,0.0271657
864,864,0,0.561296,-0.364185,0.694256,-0.265189,80.8343,-15.1647,-145.189,80.8343,-15.1647,-145.189,0.0313032
872,872,0,0.554625,-0.365305,0.698417,-0.266753,80.8571,-14.9852,-144.933,80.8571,-14.9852,-144.933,0.0342416
880,880,0,0.547625,-0.365456,0.703074,-0.268768,80.8712,-14.8158,-144.716,80.8712,-14.8158,-144.716,0.0364951
888,888,0,0.540258,-0.36522,0.707778,-0.271635,80.8483,-14.7301,-144.527,80.8483,-14.7301,-144.527,0.0339559
896,896,0,0.533468,-0.36466,0.712096,-0.274507,80.8724,-14.5244,-144.354,80.8724,-14.5244,-144.354,0.039854
904,904,0,0.526857,-0.363643,0.716299,-0.277672,80.8498,-14.3212,-144.122,80.8498,-14.3212,-144.122,0.0369258
912,912,0,0.521,-0.362744,0.719625,-0.281276,80.8878,-14.1179,-143.994,80.8878,-14.1179,-143.994,0.0398183
920,920,0,0.515864,-0.361199,0.722605,-0.285065,80.8981,-13.9326,-143.866,80.8981,-13.9326,-143.866,0.0400629
928,928,0,0.511389,-0.359531,0.724805,-0.289614,80.8959,-13.7817,-143.782,80.8959,-13.7817,-143.782,0.0437532
936,936,0,0.508024,-0.356751,0.727014,-0.293411,80.8746,-13.5777,-143.744,80.8746,-13.5777,-143.744,0.0428853
944,944,0,0.505486,-0.354425,0.727967,-0.298214,80.9082,-13.3977,-143.789,80.9082,-13.3977,-143.789,0.0488317
952,952,0,0.503906,-0.351574,0.728548,-0.302808,80.9182,-13.2132,-143.812,80.9182,-13.2132,-143.812,0.0490225
960,960,0,0.502798,-0.349292,0.728094,-0.308331,80.9358,-13.0713,-143.862,80.9358,-13.0713,-143.862,0.05345
968,968,0,0.503385,-0.34526,0.727961,-0.312204,80.9729,-12.8717,-143.995,80.9729,-12.8717,-143.995,0.0551259
976,976,0,0.504163,-0.341597,0.727173,-0.316782,80.9576,-12.7783,-144.126,80.9576,-12.7783,-144.126,0.0618612
984,984,0,0.506519,-0.336466,0.726727,-0.319527,80.961,-12.6384,-144.28,80.961,-12.6384,-144.28,0.0626973
992,992,0,0.509499,-0.331629,0.725719,-0.322126,80.9837,-12.4976,-144.423,80.9837,-12.4976,-144.423,0.0676257
1000,1000,0,0.512985,-0.326729,0.724621,-0.324065,80.9586,-12.4148,-144.576,80.9586,-12.4148,-144.576,0.0658784
1008,1008,0,0.517637,-0.321289,0.723382,-0.324875,80.9715,-12.3427,-144.713,80.9715,-12.3427,-144.713,0.0643876
1016,1016,0,0.522767,-0.31663,0.721549,-0.325311,80.9669,-12.3056,-144.962,80.9669,-12.3056,-144.962,0.0636829
1024,1024,0,0.528404,-0.312927,0.719014,-0.325398,80.9792,-12.2952,-145.187,80.9792,-12.2952,-145.187,0.0654528
1032,1032,0,0.534485,-0.309824,0.716287,-0.324452,80.9457,-12.2976,-145.349,80.9457,-12.2976,-145.349,0.0687408
1040,1040,0,0.540608,-0.307247,0.71316,-0.323645,80.9458,-12.404,-145.55,80.9458,-12.404,-145.55,0.0615204
1048,1048,0,0.546865,-0.305676,0.709706,-0.322208,80.9581,-12.4613,-145.762,80.9581,-12.4613,-145.762,0.0667287
1056,1056,0,0.552864,-0.304823,0.706077,-0.320749,80.9876,-12.5481,-145.951,80.9876,-12.5481,-145.951,0.0696198
1064,1064,0,0.55848,-0.304044,0.702892,-0.318749,80.9128,-12.7147,-146.164,80.9128,-12.7147,-146.164,0.0600532
1072,1072,0,0.564321,-0.303403,0.699849,-0.315755,80.9248,-12.8129,-146.268,80.9248,-12.8129,-146.268,0.0594225
1080,1080,0,0.569455,-0.303677,0.696915,-0.312747,80.913,-12.9366,-146.447,80.913,-12.9366,-146.447,0.0580459
1088,1088,0,0.574653,-0.304054,0.694119,-0.309069,80.9325,-13.0226,-146.564,80.9325,-13.0226,-146.564,0.0599789
1096,1096,0,0.578947,-0.304996,0.691582,-0.305799,80.8832,-13.2463,-146.599,80.8832,-13.2463,-146.599,0.0555959
1104,1104,0,0.583027,-0.306078,0.689374,-0.301925,80.8803,-13.4222,-146.657,80.8803,-13.4222,-146.657,0.0479967
1112,1112,0,0.587131,-0.307434,0.687339,-0.297201,80.9034,-13.5425,-146.791,80.9034,-13.5425,-146.791,0.0454144
1120,1120,0,0.590849,-0.308915,0.685598,-0.292274,80.8818,-13.729,-146.759,80.8818,-13.729,-146.759,0.0450909
1128,1128,0,0.593935,-0.310847,0.684124,-0.287385,80.8735,-13.9204,-146.831,80.8735,-13.9204,-146.831,0.0430608
1136,1136,0,0.596783,-0.312973,0.682807,-0.282264,80.8998,-14.084,-146.865,80.8998,-14.084,-146.865,0.0397098
1144,1144,0,0.59929,-0.315107,0.681683,-0.277248,80.8846,-14.3125,-146.889,80.8846,-14.3125,-146.889,0.0396271
1152,1152,0,0.601617,-0.316566,0.681279,-0.271482,80.8935,-14.4748,-146.867,80.8935,-14.4748,-146.867,0.0313828
1160,1160,0,0.602683,-0.31871,0.681286,-0.266546,80.8701,-14.6551,-146.821,80.8701,-14.6551,-146.821,0.0276289
1168,1168,0,0.60332,-0.32079,0.681856,-0.261096,80.8669,-14.7516,-146.697,80.8669,-14.7516,-146.697,0.0284892
1176,1176,0,0.603768,-0.321919,0.683257,-0.254935,80.8505,-14.9362,-146.634,80.8505,-14.9362,-146.634,0.0272018
1184,1184,0,0.604368,-0.322047,0.685387,-0.247528,80.8632,-15.0381,-146.504,80.8632,-15.0381,-146.504,0.0199861
1192,1192,0,0.60394,-0.323072,0.687446,-0.241453,80.8824,-15.1361,-146.418,80.8824,-15.1361,-146.418,0.0226438
1200,1200,0,0.603059,-0.324214,0.689701,-0.235623,80.9353,-15.1447,-146.21,80.9353,-15.1447,-146.21,0.0269657
1208,1208,0,0.601355,-0.324677,0.692693,-0.230505,80.8948,-15.301,-146.1,80.8948,-15.301,-146.1,0.0227392
1216,1216,0,0.599073,-0.325188,0.695928,-0.225939,80.8621,-15.3586,-145.921,80.8621,-15.3586,-145.921,0.0216949
1224,1224,0,0.59591,-0.325735,0.699297,-0.223097,80.8705,-15.3801,-145.736,80.8705,-15.3801,-145.736,0.0293243
1232,1232,0,0.592383,-0.324841,0.7037,-0.219927,80.8435,-15.3938,-145.529,80.8435,-15.3938,-145.529,0.0203447
1240,1240,0,0.588458,-0.323607,0.708249,-0.217669,80.8979,-15.2943,-145.371,80.8979,-15.2943,-145.371,0.0216879
1248,1248,0,0.583353,-0.322241,0.713373,-0.216703,80.8727,-15.1711,-145.132,80.8727,-15.1711,-145.132,0.0184592
1256,1256,0,0.577544,-0.321525,0.718064,-0.217825,80.9046,-15.0177,-144.95,80.9046,-15.0177,-144.95,0.0242979
1264,1264,0,0.570857,-0.321602,0.722417,-0.220925,80.8906,-14.9167,-144.707,80.8906,-14.9167,-144.707,0.0295794
1272,1272,0,0.564257,-0.321175,0.726799,-0.224105,80.9171,-14.677,-144.511,80.9171,-14.677,-144.511,0.0338542
1280,1280,0,0.55691,-0.321718,0.730699,-0.228971,80.9039,-14.517,-144.363,80.9039,-14.517,-144.363,0.0338058
1288,1288,0,0.549982,-0.321812,0.734159,-0.234453,80.9123,-14.3459,-144.172,80.9123,-14.3459,-144.172,0.0363131
1296,1296,0,0.543784,-0.321893,0.737017,-0.239771,80.9388,-14.0845,-144.028,80.9388,-14.0845,-144.028,0.0457819
1304,1304,0,0.538257,-0.321152,0.739484,-0.245569,80.9574,-13.895,-143.911,80.9574,-13.895,-143.911,0.0485654
1312,1312,0,0.533336,-0.320124,0.741465,-0.251601,80.9344,-13.7528,-143.813,80.9344,-13.7528,-143.813,0.045303
1320,1320,0,0.529555,-0.319221,0.742485,-0.257654,80.9618,-13.52,-143.759,80.9618,-13.52,-143.759,0.052672
1328,1328,0,0.526559,-0.317398,0.743302,-0.263622,80.9622,-13.3572,-143.778,80.9622,-13.3572,-143.778,0.0476588
1336,1336,0,0.524612,-0.315757,0.743342,-0.2693,80.9959,-13.0958,-143.786,80.9959,-13.0958,-143.786,0.055687
1344,1344,0,0.523495,-0.313688,0.742874,-0.275121,80.9815,-12.9612,-143.915,80.9815,-12.9612,-143.915,0.0535312
1352,1352,0,0.523625,-0.310641,0.742075,-0.280437,80.9867,-12.8782,-144.068,80.9867,-12.8782,-144.068,0.04911
1360,1360,0,0.525187,-0.307058,0.740934,-0.284449,80.9961,-12.7167,-144.17,80.9961,-12.7167,-144.17,0.0547222
1368,1368,0,0.527632,-0.302926,0.739558,-0.287915,80.993,-12.5788,-144.32,80.993,-12.5788,-144.32,0.0587561
1376,1376,0,0.530597,-0.29959,0.737482,-0.291261,80.9978,-12.4569,-144.468,80.9978,-12.4569,-144.468,0.0666387
1384,1384,0,0.534275,-0.296598,0.734724,-0.29455,81.0433,-12.3829,-144.67,81.0433,-12.3829,-144.67,0.0759164
1392,1392,0,0.539117,-0.292308,0.732238,-0.296203,81.0261,-12.3656,-144.903,81.0261,-12.3656,-144.903,0.0660414
1400,1400,0,0.544973,-0.28774,0.729547,-0.2966,80.997,-12.3094,-145.127,80.997,-12.3094,-145.127,0.0607973
1408,1408,0,0.551112,-0.284133,0.726265,-0.296789,81.0189,-12.2768,-145.375,81.0189,-12.2768,-145.375,0.0666386
1416,1416,0,0.557417,-0.280977,0.722803,-0.296471,81.0545,-12.2709,-145.597,81.0545,-12.2709,-145.597,0.0736269
1424,1424,0,0.563703,-0.278284,0.719429,-0.295329,81.0561,-12.3184,-145.827,81.0561,-12.3184,-145.827,0.0798971
1432,1432,0,0.570072,-0.275192,0.716481,-0.29316,80.9898,-12.4553,-145.99,80.9898,-12.4553,-145.99,0.0675132
1440,1440,0,0.576253,-0.273145,0.71344,-0.290393,80.9689,-12.5712,-146.175,80.9689,-12.5712,-146.175,0.0621976
1448,1448,0,0.581941,-0.272127,0.71037,-0.28752,80.9675,-12.6685,-146.283,80.9675,-12.6685,-146.283,0.0580262
1456,1456,0,0.587302,-0.272237,0.707227,-0.284242,80.9768,-12.8034,-146.484,80.9768,-12.8034,-146.484,0.0579981
1464,1464,0,0.592628,-0.272005,0.704644,-0.279789,80.9625,-12.9188,-146.57,80.9625,-12.9188,-146.57,0.0485817
1472,1472,0,0.597339,-0.272915,0.701992,-0.27552,80.9592,-13.1012,-146.744,80.9592,-13.1012,-146.744,0.0450312
1480,1480,0,0.601605,-0.27398,0.699745,-0.270857,80.9133,-13.3081,-146.748,80.9133,-13.3081,-146.748,0.0394568
1488,1488,0,0.606278,-0.274893,0.697602,-0.264977,80.9551,-13.4409,-146.913,80.9551,-13.4409,-146.913,0.044489
1496,1496,0,0.61059,-0.27538,0.696024,-0.258643,80.8816,-13.6526,-146.897,80.8816,-13.6526,-146.897,0.0329505
1504,1504,0,0.614269,-0.277233,0.694072,-0.253142,80.9247,-13.8775,-147.017,80.9247,-13.8775,-147.017,0.0341334
1512,1512,0,0.617241,-0.278229,0.693348,-0.246719,80.8936,-14.0499,-146.933,80.8936,-14.0499,-146.933,0.0242004
1520,1520,0,0.619536,-0.280025,0.692618,-0.240918,80.9039,-14.2081,-146.95,80.9039,-14.2081,-146.95,0.0304859
1528,1528,0,0.621088,-0.282264,0.69213,-0.235656,80.8801,-14.4179,-146.899,80.8801,-14.4179,-146.899,0.0278195
1536,1536,0,0.622536,-0.284397,0.691851,-0.230019,80.9263,-14.5457,-146.902,80.9263,-14.5457,-146.902,0.025173
1544,1544,0,0.622869,-0.286983,0.692123,-0.225033,80.9305,-14.668,-146.817,80.9305,-14.668,-146.817,0.0193106
1552,1552,0,0.622372,-0.290109,0.692568,-0.221,80.9221,-14.8507,-146.754,80.9221,-14.8507,-146.754,0.0199269
1560,1560,0,0.621914,-0.292169,0.693705,-0.215947,80.921,-14.9968,-146.686,80.921,-14.9968,-146.686,0.0186511
1568,1568,0,0.621528,-0.292922,0.695614,-0.20981,80.9293,-15.0867,-146.552,80.9293,-15.0867,-146.552,0.0159723
1576,1576,0,0.620143,-0.293899,0.698009,-0.20452,80.8343,-15.2847,-146.404,80.8343,-15.2847,-146.404,0.0165768
1584,1584,0,0.619039,-0.294474,0.700377,-0.198865,80.919,-15.3126,-146.286,80.919,-15.3126,-146.286,0.0205261
1592,1592,0,0.617248,-0.29379,0.703847,-0.193114,80.8729,-15.3974,-146.085,80.8729,-15.3974,-146.085,0.0194854
1600,1600,0,0.615162,-0.293538,0.707091,-0.188235,80.9424,-15.3707,-145.959,80.9424,-15.3707,-145.959,0.0221117
1608,1608,0,0.612098,-0.292367,0.711313,-0.184097,80.871,-15.4123,-145.765,80.871,-15.4123,-145.765,0.0171444
1616,1616,0,0.608933,-0.291169,0.715278,-0.181106,80.8914,-15.3825,-145.566,80.8914,-15.3825,-145.566,0.0221494
1624,1624,0,0.605367,-0.28967,0.719448,-0.17893,80.9273,-15.3132,-145.402,80.9273,-15.3132,-145.402,0.0214386
1632,1632,0,0.601397,-0.288296,0.723539,-0.178044,80.938,-15.192,-145.2,80.938,-15.192,-145.2,0.0201539
1640,1640,0,0.596912,-0.287369,0.7274,-0.178897,80.9095,-15.1307,-145.049,80.9095,-15.1307,-145.049,0.0237015
1648,1648,0,0.592687,-0.286684,0.730729,-0.180468,80.9552,-15.0031,-144.906,80.9552,-15.0031,-144.906,0.0288165
1656,1656,0,0.588265,-0.285127,0.734456,-0.182267,80.9202,-14.884,-144.757,80.9202,-14.884,-144.757,0.0220879
1664,1664,0,0.583917,-0.284219,0.737554,-0.185137,80.9413,-14.7223,-144.611,80.9413,-14.7223,-144.611,0.023257
1672,1672,0,0.579631,-0.283147,0.740483,-0.188522,80.9358,-14.5626,-144.453,80.9358,-14.5626,-144.453,0.0286083
1680,1680,0,0.575617,-0.282139,0.742926,-0.192674,80.935,-14.4637,-144.381,80.935,-14.4637,-144.381,0.0319277
1688,1688,0,0.572126,-0.280303,0.745354,-0.19634,80.8904,-14.293,-144.269,80.8904,-14.293,-144.269,0.0282955
1696,1696,0,0.56923,-0.279224,0.746645,-0.201324,80.9107,-14.1428,-144.253,80.9107,-14.1428,-144.253,0.0359518
1704,1704,0,0.567157,-0.277539,0.747612,-0.205866,80.9227,-13.9338,-144.24,80.9227,-13.9338,-144.24,0.0371301
1712,1712,0,0.565801,-0.275759,0.747883,-0.210943,80.9547,-13.7682,-144.286,80.9547,-13.7682,-144.286,0.0452203
1720,1720,0,0.564969,-0.273373,0.747971,-0.215909,80.975,-13.5728,-144.342,80.975,-13.5728,-144.342,0.0540635
1728,1728,0,0.564493,-0.269833,0.748222,-0.220686,80.974,-13.4407,-144.39,80.974,-13.4407,-144.39,0.0431078
1736,1736,0,0.564293,-0.266948,0.747849,-0.225909,80.9773,-13.269,-144.5,80.9773,-13.269,-144.5,0.0432672
1744,1744,0,0.564705,-0.264996,0.746575,-0.231324,81.0159,-13.0276,-144.567,81.0159,-13.0276,-144.567,0.0572343
1752,1752,0,0.565974,-0.260601,0.745926,-0.235275,80.9756,-12.9084,-144.673,80.9756,-12.9084,-144.673,0.0478333
1760,1760,0,0.567758,-0.257379,0.744421,-0.239257,81.0051,-12.7363,-144.794,81.0051,-12.7363,-144.794,0.0526248
1768,1768,0,0.570022,-0.253539,0.742917,-0.242626,80.9989,-12.6763,-144.972,80.9989,-12.6763,-144.972,0.0496476
1776,1776,0,0.573035,-0.250305,0.740903,-0.245034,81.029,-12.5164,-145.113,81.029,-12.5164,-145.113,0.0613992
1784,1784,0,0.576275,-0.246553,0.739062,-0.246791,81.0234,-12.4725,-145.272,81.0234,-12.4725,-145.272,0.0561486
1792,1792,0,0.579835,-0.243596,0.736884,-0.247902,81.0543,-12.3997,-145.428,81.0543,-12.3997,-145.428,0.0605843
1800,1800,0,0.583148,-0.241326,0.734614,-0.249084,81.0441,-12.4019,-145.562,81.0441,-12.4019,-145.562,0.0655526
1808,1808,0,0.586903,-0.239195,0.732319,-0.249079,81.0605,-12.3523,-145.666,81.0605,-12.3523,-145.666,0.063669
1816,1816,0,0.590788,-0.23731,0.729956,-0.248632,81.0276,-12.4486,-145.847,81.0276,-12.4486,-145.847,0.0595787
1824,1824,0,0.594806,-0.236207,0.727495,-0.24731,81.009,-12.4641,-146.002,81.009,-12.4641,-146.002,0.0586859
1832,1832,0,0.598563,-0.235718,0.724984,-0.246086,81.0122,-12.5462,-146.141,81.0122,-12.5462,-146.141,0.0551554
1840,1840,0,0.602476,-0.235694,0.722486,-0.243895,81.0124,-12.5673,-146.152,81.0124,-12.5673,-146.152,0.0513275
1848,1848,0,0.606247,-0.23603,0.71993,-0.241775,81.0044,-12.7575,-146.361,81.0044,-12.7575,-146.361,0.0456423
1856,1856,0,0.610068,-0.236164,0.717731,-0.238549,80.9501,-12.8724,-146.407,80.9501,-12.8724,-146.407,0.0409096
1864,1864,0,0.613835,-0.237372,0.715074,-0.23565,81.0114,-12.9824,-146.575,81.0114,-12.9824,-146.575,0.0450843
1872,1872,0,0.617628,-0.23813,0.712827,-0.231749,80.9558,-13.1449,-146.608,80.9558,-13.1449,-146.608,0.0380222
1880,1880,0,0.621889,-0.238639,0.710441,-0.227112,80.9634,-13.3173,-146.739,80.9634,-13.3173,-146.739,0.0285723
1888,1888,0,0.626208,-0.239319,0.707967,-0.222201,80.9763,-13.4343,-146.801,80.9763,-13.4343,-146.801,0.0272806
1896,1896,0,0.630199,-0.240582,0.705343,-0.217856,80.9933,-13.6222,-146.933,80.9933,-13.6222,-146.933,0.0282917
1904,1904,0,0.633868,-0.241293,0.703315,-0.212923,80.9318,-13.7923,-146.977,80.9318,-13.7923,-146.977,0.0275636
1912,1912,0,0.637392,-0.242152,0.701333,-0.207905,80.9523,-13.9738,-147.088,80.9523,-13.9738,-147.088,0.0254013
1920,1920,0,0.640763,-0.24242,0.699882,-0.202042,80.9526,-14.0959,-147.119,80.9526,-14.0959,-147.119,0.0178395
1928,1928,0,0.643339,-0.243553,0.698482,-0.197283,80.9823,-14.309,-147.197,80.9823,-14.309,-147.197,0.0182282
1936,1936,0,0.645486,-0.24427,0.697803,-0.191708,80.9781,-14.3846,-147.155,80.9781,-14.3846,-147.155,0.0153517
1944,1944,0,0.64674,-0.245903,0.697251,-0.187354,81.0165,-14.5357,-147.2,81.0165,-14.5357,-147.2,0.0163824
1952,1952,0,0.646992,-0.247761,0.697441,-0.183279,80.9281,-14.71,-147.144,80.9281,-14.71,-147.144,0.0176536
1960,1960,0,0.647032,-0.249866,0.697745,-0.179074,80.9647,-14.8687,-147.109,80.9647,-14.8687,-147.109,0.018684
1968,1968,0,0.646493,-0.251898,0.698634,-0.174657,80.9464,-14.9823,-146.962,80.9464,-14.9823,-146.962,0.01685
1976,1976,0,0.645457,-0.253762,0.700132,-0.169718,80.9482,-15.104,-146.906,80.9482,-15.104,-146.906,0.0152324
1984,1984,0,0.644007,-0.254893,0.702325,-0.164389,80.9263,-15.1774,-146.715,80.9263,-15.1774,-146.715,0.0153396
1992,1992,0,0.642242,-0.255352,0.705015,-0.15898,80.9669,-15.2815,-146.6,80.9669,-15.2815,-146.6,0.0133923
2000,2000,0,0.639598,-0.255546,0.708338,-0.154497,80.9238,-15.4114,-146.443,80.9238,-15.4114,-146.443,0.0196903
2008,2008,0,0.636995,-0.254329,0.712321,-0.148839,80.9818,-15.3841,-146.286,80.9818,-15.3841,-146.286,0.0178303
2016,2016,0,0.633409,-0.253353,0.71664,-0.14503,80.9565,-15.3696,-146.043,80.9565,-15.3696,-146.043,0.0156268
2032,2032,0,0.624159,-0.252415,0.725469,-0.142855,80.9362,-15.2815,-145.618,80.9362,-15.2815,-145.618,0.0205721
2040,2040,0,0.619273,-0.251436,0.729975,-0.142886,80.9516,-15.1547,-145.414,80.9516,-15.1547,-145.414,0.0233705
2048,2048,0,0.614092,-0.250116,0.734538,-0.144175,80.9152,-15.0611,-145.212,80.9152,-15.0611,-145.212,0.0245595
2056,2056,0,0.609069,-0.24878,0.738763,-0.146193,80.926,-14.9143,-145.016,80.926,-14.9143,-145.016,0.0254443
2064,2064,0,0.603872,-0.248063,0.742523,-0.14988,80.9506,-14.7719,-144.873,80.9506,-14.7719,-144.873,0.0303835
2072,2072,0,0.599097,-0.246392,0.746306,-0.152975,80.9867,-14.5185,-144.704,80.9867,-14.5185,-144.704,0.0286531
2080,2080,0,0.59445,-0.245399,0.749279,-0.158082,80.9839,-14.3734,-144.597,80.9839,-14.3734,-144.597,0.0378672
2088,2088,0,0.59067,-0.243014,0.752209,-0.16197,80.9864,-14.144,-144.489,80.9864,-14.144,-144.489,0.0356317
2096,2096,0,0.587221,-0.241039,0.754341,-0.167456,80.9855,-14.0427,-144.429,80.9855,-14.0427,-144.429,0.0368407
2104,2104,0,0.584684,-0.238569,0.756015,-0.172251,81.0023,-13.7966,-144.366,81.0023,-13.7966,-144.366,0.0405335
2112,2112,0,0.582524,-0.236356,0.757039,-0.178027,81.0311,-13.5987,-144.379,81.0311,-13.5987,-144.379,0.0477258
2120,2120,0,0.58114,-0.232742,0.758046,-0.18296,81.0363,-13.3737,-144.402,81.0363,-13.3737,-144.402,0.0448556
2128,2128,0,0.580216,-0.230541,0.757937,-0.189028,81.0824,-13.1386,-144.375,81.0824,-13.1386,-144.375,0.0555573
2136,2136,0,0.580122,-0.226472,0.758013,-0.19387,81.0485,-12.9757,-144.427,81.0485,-12.9757,-144.427,0.0495406
2144,2144,0,0.581236,-0.222231,0.757349,-0.19799,81.0898,-12.7661,-144.57,81.0898,-12.7661,-144.57,0.0567031
2152,2152,0,0.582929,-0.217462,0.756437,-0.201759,81.0926,-12.6037,-144.696,81.0926,-12.6037,-144.696,0.0557044
2160,2160,0,0.585082,-0.212342,0.75531,-0.205176,81.103,-12.4622,-144.838,81.103,-12.4622,-144.838,0.0511022
2168,2168,0,0.587211,-0.208581,0.753632,-0.209083,81.1028,-12.2701,-144.965,81.1028,-12.2701,-144.965,0.0565258
2176,2176,0,0.589887,-0.204745,0.751581,-0.212695,81.1343,-12.2194,-145.15,81.1343,-12.2194,-145.15,0.061162
2184,2184,0,0.593341,-0.200782,0.749321,-0.21483,81.1461,-12.0527,-145.314,81.1461,-12.0527,-145.314,0.0723452
2192,2192,0,0.597714,-0.19497,0.747388,-0.214794,81.1157,-12.0044,-145.423,81.1157,-12.0044,-145.423,0.0619544
2200,2200,0,0.603099,-0.189688,0.744697,-0.213816,81.1485,-11.9317,-145.636,81.1485,-11.9317,-145.636,0.0657468
2208,2208,0,0.609046,-0.184165,0.74192,-0.211426,81.1708,-11.9099,-145.833,81.1708,-11.9099,-145.833,0.061969
2216,2216,0,0.615129,-0.180147,0.73858,-0.208956,81.1546,-11.92,-146.043,81.1546,-11.92,-146.043,0.0626521
2224,2224,0,0.621608,-0.176586,0.735039,-0.205281,81.1623,-11.9425,-146.198,81.1623,-11.9425,-146.198,0.0559451
2232,2232,0,0.628314,-0.173606,0.731194,-0.201093,81.1764,-12.0181,-146.452,81.1764,-12.0181,-146.452,0.0469664
2240,2240,0,0.635136,-0.171104,0.727265,-0.195986,81.1183,-12.1511,-146.615,81.1183,-12.1511,-146.615,0.0396388
2248,2248,0,0.642237,-0.17032,0.722461,-0.191242,81.1474,-12.2975,-146.87,81.1474,-12.2975,-146.87,0.0442079
2256,2256,0,0.649013,-0.169392,0.71815,-0.185336,81.0788,-12.5209,-147.018,81.0788,-12.5209,-147.018,0.0270043
2264,2264,0,0.655099,-0.170346,0.713637,-0.180417,81.0957,-12.6891,-147.24,81.0957,-12.6891,-147.24,0.024934
2272,2272,0,0.660686,-0.170989,0.709706,-0.174857,81.0666,-12.9669,-147.389,81.0666,-12.9669,-147.389,0.023395
2280,2280,0,0.66596,-0.171417,0.70638,-0.167755,81.0715,-13.1286,-147.54,81.0715,-13.1286,-147.54,0.0174194
2288,2288,0,0.670322,-0.172767,0.703486,-0.161022,81.0786,-13.3286,-147.702,81.0786,-13.3286,-147.702,0.017074
2296,2296,0,0.674109,-0.173803,0.701294,-0.153482,81.0906,-13.5593,-147.751,81.0906,-13.5593,-147.751,0.0195533
2304,2304,0,0.6773,-0.174471,0.699901,-0.144786,81.061,-13.7786,-147.751,81.061,-13.7786,-147.751,0.017633
2312,2312,0,0.679626,-0.175912,0.698847,-0.137028,81.0304,-14.0447,-147.764,81.0304,-14.0447,-147.764,0.0247636
2320,2320,0,0.681291,-0.177737,0.698251,-0.129215,81.0286,-14.1826,-147.715,81.0286,-14.1826,-147.715,0.0180099
2328,2328,0,0.682154,-0.179752,0.698157,-0.122199,81.0419,-14.4081,-147.688,81.0419,-14.4081,-147.688,0.026578
2336,2336,0,0.681999,-0.182188,0.698805,-0.115573,81.0173,-14.6039,-147.65,81.0173,-14.6039,-147.65,0.028476
2344,2344,0,0.680945,-0.184829,0.700017,-0.110132,80.9812,-14.8567,-147.585,80.9812,-14.8567,-147.585,0.0309765
2352,2352,0,0.679295,-0.187502,0.701715,-0.104869,80.9537,-15.0373,-147.467,80.9537,-15.0373,-147.467,0.0263979
2360,2360,0,0.677341,-0.189143,0.70403,-0.0988717,80.9897,-15.1005,-147.267,80.9897,-15.1005,-147.267,0.0231473
2368,2368,0,0.674736,-0.189801,0.707195,-0.0926437,81.0201,-15.1467,-147.114,81.0201,-15.1467,-147.114,0.0194525
2376,2376,0,0.671404,-0.190277,0.710843,-0.0878259,81.0291,-15.2398,-146.894,81.0291,-15.2398,-146.894,0.0190004
2384,2384,0,0.667489,-0.190707,0.714883,-0.0838594,81.0147,-15.2925,-146.74,81.0147,-15.2925,-146.74,0.0203391
2392,2392,0,0.662989,-0.190575,0.719434,-0.0808774,80.9796,-15.3559,-146.516,80.9796,-15.3559,-146.516,0.0190056
2400,2400,0,0.65828,-0.190099,0.724134,-0.0784879,80.9787,-15.3167,-146.279,80.9787,-15.3167,-146.279,0.0203071
2408,2408,0,0.653426,-0.189705,0.728711,-0.0776315,80.9959,-15.2669,-146.034,80.9959,-15.2669,-146.034,0.0175732
2416,2416,0,0.648411,-0.188845,0.733382,-0.0777878,80.9958,-15.2038,-145.836,80.9958,-15.2038,-145.836,0.0178261
2424,2424,0,0.64319,-0.188011,0.738026,-0.0792216,80.9426,-15.1489,-145.595,80.9426,-15.1489,-145.595,0.0204174
2432,2432,0,0.638489,-0.187353,0.742062,-0.0810869,81.0036,-14.9514,-145.457,81.0036,-14.9514,-145.457,0.0177015
2440,2440,0,0.633797,-0.186405,0.745957,-0.0842722,80.9633,-14.9051,-145.248,80.9633,-14.9051,-145.248,0.0217034
2448,2448,0,0.629601,-0.184765,0.749594,-0.08702,80.951,-14.7257,-145.091,80.951,-14.7257,-145.091,0.0230958
2456,2456,0,0.625783,-0.183491,0.752632,-0.090944,81.0042,-14.5681,-144.962,81.0042,-14.5681,-144.962,0.0259937
2464,2464,0,0.622007,-0.182494,0.755394,-0.0958278,81.0302,-14.3791,-144.876,81.0302,-14.3791,-144.876,0.0272091
2472,2472,0,0.618559,-0.181169,0.757905,-0.100707,81.0286,-14.1849,-144.768,81.0286,-14.1849,-144.768,0.0291732
2480,2480,0,0.615789,-0.179863,0.759767,-0.105865,81.0389,-13.9934,-144.672,81.0389,-13.9934,-144.672,0.0326759
2488,2488,0,0.613647,-0.178072,0.761209,-0.110861,81.0306,-13.8455,-144.623,81.0306,-13.8455,-144.623,0.0331113
2496,2496,0,0.61209,-0.176869,0.761924,-0.116341,81.0602,-13.6637,-144.629,81.0602,-13.6637,-144.629,0.039012
2504,2504,0,0.610993,-0.174924,0.762441,-0.121549,81.067,-13.459,-144.594,81.067,-13.459,-144.594,0.0420609
2512,2512,0,0.610307,-0.172415,0.762729,-0.126658,81.0832,-13.2495,-144.668,81.0832,-13.2495,-144.668,0.0415637
2520,2520,0,0.609942,-0.170271,0.762528,-0.1324,81.0589,-13.1377,-144.736,81.0589,-13.1377,-144.736,0.0468771
2528,2528,0,0.610574,-0.167219,0.761898,-0.136926,81.1098,-12.9,-144.8,81.1098,-12.9,-144.8,0.0482782
2536,2536,0,0.611176,-0.164108,0.761126,-0.142196,81.0958,-12.8089,-144.846,81.0958,-12.8089,-144.846,0.0458975
2544,2544,0,0.612365,-0.160843,0.760006,-0.146729,81.1091,-12.6203,-144.948,81.1091,-12.6203,-144.948,0.0485796
2552,2552,0,0.614189,-0.156932,0.758655,-0.150287,81.0911,-12.4577,-145.022,81.0911,-12.4577,-145.022,0.0478725
2560,2560,0,0.616824,-0.152882,0.756689,-0.153546,81.1177,-12.3383,-145.188,81.1177,-12.3383,-145.188,0.0496365
2568,2568,0,0.620433,-0.148309,0.754359,-0.154953,81.1441,-12.1693,-145.319,81.1441,-12.1693,-145.319,0.0494507
2576,2576,0,0.62463,-0.143921,0.751509,-0.156073,81.1484,-12.1219,-145.49,81.1484,-12.1219,-145.49,0.0512848
2584,2584,0,0.629633,-0.140187,0.748068,-0.155899,81.1969,-12.0425,-145.728,81.1969,-12.0425,-145.728,0.0551935
2592,2592,0,0.634768,-0.136544,0.744516,-0.155311,81.1902,-12.0643,-145.993,81.1902,-12.0643,-145.993,0.0563252
2600,2600,0,0.6398,-0.133749,0.741009,-0.153861,81.1861,-12.0383,-146.171,81.1861,-12.0383,-146.171,0.0538162
2608,2608,0,0.644726,-0.130896,0.737606,-0.152094,81.1295,-12.1285,-146.298,81.1295,-12.1285,-146.298,0.0407767
2616,2616,0,0.649905,-0.129073,0.733977,-0.149135,81.1591,-12.0954,-146.521,81.1591,-12.0954,-146.521,0.0392867
2624,2624,0,0.654899,-0.127185,0.730504,-0.14593,81.1556,-12.1946,-146.619,81.1556,-12.1946,-146.619,0.0317897
2632,2632,0,0.659458,-0.127591,0.726819,-0.143427,81.1925,-12.2947,-146.81,81.1925,-12.2947,-146.81,0.0333443
2640,2640,0,0.663803,-0.127609,0.723529,-0.139959,81.1458,-12.4478,-146.898,81.1458,-12.4478,-146.898,0.0276188
2648,2648,0,0.668142,-0.128622,0.720222,-0.135359,81.1617,-12.5322,-147.112,81.1617,-12.5322,-147.112,0.0265792
2656,2656,0,0.672154,-0.129303,0.717273,-0.130418,81.108,-12.7917,-147.191,81.108,-12.7917,-147.191,0.0194003
2664,2664,0,0.676016,-0.130439,0.714477,-0.124544,81.102,-13.0018,-147.33,81.102,-13.0018,-147.33,0.0224165
2672,2672,0,0.679483,-0.132117,0.711907,-0.118482,81.0807,-13.1407,-147.359,81.0807,-13.1407,-147.359,0.0192007
2680,2680,0,0.682859,-0.13354,0.709537,-0.111477,81.1065,-13.3901,-147.533,81.1065,-13.3901,-147.533,0.0263322
2688,2688,0,0.685974,-0.134841,0.707422,-0.103977,81.1091,-13.5689,-147.524,81.1091,-13.5689,-147.524,0.028128
2696,2696,0,0.688134,-0.137244,0.705736,-0.0978415,81.0977,-13.7777,-147.639,81.0977,-13.7777,-147.639,0.0272292
2704,2704,0,0.68956,-0.13864,0.704965,-0.0911613,81.0264,-14.008,-147.584,81.0264,-14.008,-147.584,0.0310718
2712,2712,0,0.69056,-0.140101,0.704536,-0.0844264,81.0304,-14.2338,-147.627,81.0304,-14.2338,-147.627,0.0373314
2720,2720,0,0.690891,-0.142336,0.70448,-0.0782197,81.0276,-14.3458,-147.547,81.0276,-14.3458,-147.547,0.0262554
2728,2728,0,0.690451,-0.144628,0.705066,-0.0723983,80.9696,-14.6127,-147.562,80.9696,-14.6127,-147.562,0.0334717
2736,2736,0,0.689501,-0.14723,0.705993,-0.0669781,80.9597,-14.8209,-147.388,80.9597,-14.8209,-147.388,0.035131
2744,2744,0,0.688151,-0.150049,0.707177,-0.0619201,81.0488,-14.9005,-147.349,81.0488,-14.9005,-147.349,0.0270458
2752,2752,0,0.685787,-0.152279,0.70937,-0.057454,80.9856,-15.0613,-147.229,80.9856,-15.0613,-147.229,0.0264782
2760,2760,0,0.683069,-0.153608,0.712074,-0.0526442,81.0132,-15.1202,-147.086,81.0132,-15.1202,-147.086,0.0253203
2768,2768,0,0.679693,-0.154629,0.71536,-0.0486599,81.0123,-15.2015,-146.851,81.0123,-15.2015,-146.851,0.0235306
2776,2776,0,0.675794,-0.154815,0.71926,-0.0447288,80.9834,-15.2906,-146.704,80.9834,-15.2906,-146.704,0.0212382
2784,2784,0,0.67145,-0.153958,0.723726,-0.0408905,80.9642,-15.3665,-146.509,80.9642,-15.3665,-146.509,0.0259328
2792,2792,0,0.666688,-0.154444,0.728106,-0.0392004,80.9821,-15.3309,-146.275,80.9821,-15.3309,-146.275,0.0214516
2800,2800,0,0.661498,-0.153054,0.733227,-0.0370503,80.9269,-15.349,-145.971,80.9269,-15.349,-145.971,0.0239292
2808,2808,0,0.656627,-0.152379,0.737785,-0.0359885,81.0328,-15.2391,-145.792,81.0328,-15.2391,-145.792,0.0211053
2816,2816,0,0.651629,-0.151387,0.742413,-0.0358375,81.0284,-15.2184,-145.564,81.0284,-15.2184,-145.564,0.0185703
2824,2824,0,0.646923,-0.14972,0.746859,-0.0357371,81.0779,-15.1018,-145.408,81.0779,-15.1018,-145.408,0.0178224
2832,2832,0,0.641617,-0.147722,0.751751,-0.0371161,81.001,-15.052,-145.172,81.001,-15.052,-145.172,0.0219083
2840,2840,0,0.636497,-0.146155,0.756275,-0.0394739,81.036,-14.8556,-144.954,81.036,-14.8556,-144.954,0.0227341
2848,2848,0,0.631244,-0.144451,0.760767,-0.0435718,80.9921,-14.7645,-144.718,80.9921,-14.7645,-144.718,0.0248856
2856,2856,0,0.626507,-0.14421,0.764378,-0.0491925,81.1049,-14.493,-144.543,81.1049,-14.493,-144.543,0.0286368
2864,2864,0,0.621484,-0.143432,0.768148,-0.055976,81.0827,-14.3245,-144.395,81.0827,-14.3245,-144.395,0.0347241
2872,2872,0,0.616816,-0.143266,0.771334,-0.0636982,81.1284,-14.0575,-144.264,81.1284,-14.0575,-144.264,0.0441462
2880,2880,0,0.612312,-0.141887,0.774477,-0.0716057,81.088,-13.8664,-144.133,81.088,-13.8664,-144.133,0.0424319
2888,2888,0,0.6087,-0.140993,0.776706,-0.0795788,81.1875,-13.5402,-144.037,81.1875,-13.5402,-144.037,0.0462751
2896,2896,0,0.605185,-0.139177,0.778906,-0.0876685,81.1518,-13.3281,-143.978,81.1518,-13.3281,-143.978,0.0467754
2904,2904,0,0.602836,-0.137363,0.780121,-0.0955604,81.1918,-13.0633,-143.911,81.1918,-13.0633,-143.911,0.0542857
2912,2912,0,0.601394,-0.134402,0.78085,-0.102646,81.2089,-12.8694,-143.938,81.2089,-12.8694,-143.938,0.0484949
2920,2920,0,0.600284,-0.132438,0.780991,-0.110332,81.2552,-12.6018,-143.951,81.2552,-12.6018,-143.951,0.0509996
2928,2928,0,0.599059,-0.132099,0.780649,-0.119433,81.2446,-12.434,-144.032,81.2446,-12.434,-144.032,0.0526399
2936,2936,0,0.598595,-0.132063,0.779634,-0.128119,81.2615,-12.1927,-144.072,81.2615,-12.1927,-144.072,0.066656
2944,2944,0,0.599145,-0.129428,0.778563,-0.134587,81.2619,-12.0027,-144.213,81.2619,-12.0027,-144.213,0.0598267
2952,2952,0,0.600297,-0.128086,0.776649,-0.141613,81.298,-11.798,-144.292,81.298,-11.798,-144.292,0.0701176
2960,2960,0,0.602281,-0.124863,0.774591,-0.147228,81.2953,-11.7274,-144.43,81.2953,-11.7274,-144.43,0.0611626
2968,2968,0,0.604955,-0.122503,0.771981,-0.151882,81.3259,-11.5298,-144.621,81.3259,-11.5298,-144.621,0.0657527
2976,2976,0,0.60827,-0.119773,0.769063,-0.155581,81.335,-11.3588,-144.831,81.335,-11.3588,-144.831,0.0732543
2984,2984,0,0.612405,-0.114727,0.766215,-0.157204,81.2778,-11.3035,-144.935,81.2778,-11.3035,-144.935,0.0665161
2992,2992,0,0.616698,-0.111395,0.762746,-0.159665,81.2721,-11.3254,-145.198,81.2721,-11.3254,-145.198,0.0681913
3000,3000,0,0.621656,-0.10815,0.759061,-0.160235,81.3302,-11.1591,-145.389,81.3302,-11.1591,-145.389,0.0757087
3008,3008,0,0.627105,-0.103791,0.755381,-0.159268,81.316,-11.1264,-145.568,81.316,-11.1264,-145.568,0.0631776
3016,3016,0,0.633084,-0.101233,0.750981,-0.158064,81.3661,-11.0671,-145.787,81.3661,-11.0671,-145.787,0.0736619
3024,3024,0,0.639642,-0.0972905,0.746574,-0.154989,81.333,-11.1452,-146.024,81.333,-11.1452,-146.024,0.0591326
3032,3032,0,0.646843,-0.0938912,0.741678,-0.150643,81.3062,-11.2131,-146.22,81.3062,-11.2131,-146.22,0.060733
3040,3040,0,0.654122,-0.0913218,0.736489,-0.146186,81.2986,-11.3696,-146.497,81.2986,-11.3696,-146.497,0.0542896
3048,3048,0,0.661726,-0.0886365,0.731186,-0.140111,81.3112,-11.4286,-146.676,81.3112,-11.4286,-146.676,0.0465715
3056,3056,0,0.669392,-0.0869743,0.725605,-0.133596,81.3468,-11.5301,-147.001,81.3468,-11.5301,-147.001,0.0394226
3064,3064,0,0.6765,-0.0858715,0.720255,-0.127305,81.2825,-11.7869,-147.256,81.2825,-11.7869,-147.256,0.0303354
3072,3072,0,0.683031,-0.0850231,0.71531,-0.120718,81.1996,-12.0686,-147.418,81.1996,-12.0686,-147.418,0.0231651
3080,3080,0,0.689018,-0.0854995,0.710554,-0.114272,81.186,-12.2427,-147.633,81.186,-12.2427,-147.633,0.0226676
3088,3088,0,0.694497,-0.0856206,0.706356,-0.106789,81.1981,-12.4962,-147.833,81.1981,-12.4962,-147.833,0.0328991
3096,3096,0,0.699225,-0.0861777,0.702805,-0.0985999,81.1587,-12.6625,-147.931,81.1587,-12.6625,-147.931,0.0322788
3104,3104,0,0.703482,-0.0867109,0.699646,-0.0899431,81.207,-12.8334,-148.067,81.207,-12.8334,-148.067,0.0396178
3112,3112,0,0.706792,-0.0876963,0.697214,-0.0815354,81.196,-13.0245,-148.122,81.196,-13.0245,-148.122,0.0366895
3120,3120,0,0.709371,-0.088208,0.695499,-0.0727501,81.14,-13.3041,-148.178,81.14,-13.3041,-148.178,0.048135
3128,3128,0,0.711577,-0.0892517,0.693994,-0.0637572,81.1554,-13.4468,-148.175,81.1554,-13.4468,-148.175,0.0427281
3136,3136,0,0.712922,-0.0903037,0.693243,-0.0547821,81.1316,-13.7368,-148.2,81.1316,-13.7368,-148.2,0.0537458
3144,3144,0,0.713433,-0.0919489,0.693115,-0.0463758,81.117,-13.907,-148.144,81.117,-13.907,-148.144,0.049839
3152,3152,0,0.713184,-0.0936837,0.693645,-0.038063,81.0932,-14.1544,-148.114,81.0932,-14.1544,-148.114,0.048781
3160,3160,0,0.712386,-0.0935446,0.694973,-0.0277249,81.0901,-14.2965,-147.96,81.0901,-14.2965,-147.96,0.0495307
3168,3168,0,0.710698,-0.0937572,0.696968,-0.018835,81.0887,-14.5164,-147.881,81.0887,-14.5164,-147.881,0.0504902
3176,3176,0,0.70819,-0.0944435,0.699596,-0.0105701,81.1207,-14.6203,-147.77,81.1207,-14.6203,-147.77,0.0468314
3184,3184,0,0.704666,-0.0955329,0.703066,-0.00419818,81.0435,-14.8553,-147.548,81.0435,-14.8553,-147.548,0.0468272
3192,3192,0,0.700774,-0.0962523,0.706858,0.00192218,81.0246,-14.9896,-147.386,81.0246,-14.9896,-147.386,0.0395872
3200,3200,0,0.696486,-0.0970607,0.710942,0.0069986,81.0615,-15.0845,-147.192,81.0615,-15.0845,-147.192,0.0376698
3208,3208,0,0.691535,-0.0971245,0.715685,0.0118742,81.0367,-15.1328,-146.915,81.0367,-15.1328,-146.915,0.037894
