27800,0,0.386109858751297,0.0399299114942551,0.0402524806559086,-0.920708954334259,35.0744094848633,7.11233711242676,-197.633743286133,0.0426517352461815
28616,0,0.502429068088531,-0.0948792994022369,-0.0403178632259369,-0.858450591564178,29.0660419464111,-6.29683256149292,-192.363571166992,0.0426684617996216
29464,0,0.567437410354614,-0.229221969842911,-0.0935656875371933,-0.785313725471497,25.3261642456055,-17.2065925598145,-185.899810791016,0.0524663589894772
30272,0,0.624006927013397,-0.354993611574173,-0.15339432656765,-0.679017722606659,25.4782772064209,-27.2458114624023,-177.194290161133,0.0477987714111805
31088,0,0.666338682174683,-0.477501451969147,-0.225602477788925,-0.52639228105545,30.1452770233154,-36.2134666442871,-167.530807495117,0.0478637032210827
32096,0,0.669984102249146,-0.563717067241669,-0.273942559957504,-0.397869110107422,34.7707138061523,-40.2328033447266,-160.004486083984,0.0531460456550121
32904,0,0.661723971366882,-0.610053241252899,-0.273325085639954,-0.339485645294189,35.6907348632812,-40.6533279418945,-155.594100952148,0.0504117086529732
33712,0,0.597848653793335,-0.728222668170929,-0.163303226232529,-0.292576670646667,28.9376411437988,-36.5312957763672,-146.059799194336,0.0413741543889046
34528,0,0.53989166021347,-0.824665725231171,0.0641084015369415,-0.155991181731224,25.9857311248779,-30.6949520111084,-136.146743774414,0.0597230195999146
35336,0,0.405847936868668,-0.881619036197662,0.211360394954681,-0.115597009658813,25.4363460540771,-20.7780914306641,-125.22093963623,0.206924468278885
36144,0,0.266747295856476,-0.912561297416687,0.298753499984741,-0.0826087817549706,27.7383575439453,-11.6463422775269,-116.748481750488,0.056097537279129
36952,0,0.13364477455616,-0.925180554389954,0.35137665271759,-0.0520964488387108,31.9162082672119,-2.85747742652893,-111.54328918457,0.059628814458847
37760,0,0.0419682823121548,-0.896005988121033,0.432524621486664,-0.091294027864933,31.4336547851562,5.80382776260376,-111.761947631836,0.0422208309173584
38568,0,0.0250286161899567,0.83757346868515,-0.515632271766663,0.178795114159584,28.5043487548828,14.8048181533813,-115.511840820312,0.0415347442030907
39376,0,0.0889428332448006,0.744350373744965,-0.597391784191132,0.284877598285675,26.7471504211426,24.6444396972656,-121.731307983398,0.0525656118988991
40184,0,0.14126381278038,0.613150656223297,-0.662713944911957,0.406080991029739,26.9741077423096,34.0790824890137,-130.890045166016,0.0400134213268757
40992,0,0.182423830032349,0.470990628004074,-0.69830709695816,0.507205247879028,30.2452068328857,41.5622673034668,-139.855209350586,0.0396137870848179
41800,0,0.210155919194221,0.354923784732819,-0.700651347637177,0.582195460796356,33.8360366821289,45.6641807556152,-146.78532409668,0.0817355811595917
42608,0,0.226668834686279,0.307796835899353,-0.693876445293427,0.610260784626007,35.4654655456543,46.6961479187012,-149.303680419922,0.101043835282326
43416,0,0.068430133163929,0.261839598417282,-0.592431843280792,0.758802890777588,25.7004909515381,39.9723129272461,-163.622085571289,0.116525284945965
44224,0,0.0929585620760918,-0.198093131184578,0.461469173431396,-0.85974657535553,21.7241039276123,30.5584697723389,-177.070892333984,0.114165604114532
45032,0,0.215530097484589,-0.103961646556854,0.326551914215088,-0.914386868476868,24.8943176269531,22.5017223358154,-188.305969238281,0.0830514803528786
45840,0,0.305981069803238,-0.0181200094521046,0.188774809241295,-0.932958483695984,30.9006309509277,14.9491720199585,-195.353759765625,0.0554757602512836
46648,0,0.365919291973114,0.0298442561179399,0.0916253924369812,-0.92564445734024,35.8085823059082,9.22127151489258,-198.488052368164,0.0463895574212074
47456,0,0.401712208986282,0.0213234350085258,0.0323939919471741,-0.914944767951965,36.2548866271973,4.08601093292236,-198.708267211914,0.0461463294923306
48264,0,0.408929944038391,-0.121086642146111,0.0557184740900993,-0.902779161930084,24.5092391967773,1.06770968437195,-192.497283935547,0.0629700794816017
49072,0,0.466635465621948,-0.189297735691071,-0.00740446895360947,-0.863923132419586,23.2474231719971,-7.44416904449463,-189.712875366211,0.0652016177773476
49880,0,0.529020190238953,-0.285077124834061,-0.0743414834141731,-0.795827984809875,22.1153507232666,-16.9182014465332,-183.797592163086,0.0540048256516457
50688,0,0.588785529136658,-0.393299162387848,-0.132314160466194,-0.69364333152771,22.5184593200684,-25.948112487793,-175.68815612793,0.0427498109638691
51496,0,0.629199862480164,-0.507497310638428,-0.19328185915947,-0.556053936481476,26.007453918457,-34.2739753723145,-166.572830200195,0.0394278466701508
52304,0,0.639380395412445,-0.573111534118652,-0.240120783448219,-0.45285552740097,30.0649738311768,-38.3911552429199,-160.697052001953,0.0452867224812508
53112,0,0.627010822296143,-0.632519543170929,-0.242186531424522,-0.384866714477539,31.1383838653564,-39.129581451416,-155.11198425293,0.0496571697294712
53920,0,0.56419712305069,-0.747904062271118,-0.129949510097504,-0.324706465005875,25.0900573730469,-34.1580276489258,-145.201141357422,0.0497742854058743
54728,0,0.506896615028381,-0.831768155097961,0.0637769401073456,-0.21714198589325,23.5150508880615,-28.2837104797363,-135.907913208008,0.0642555803060532
55536,0,0.390516340732574,-0.882379829883575,0.202812880277634,-0.166641920804977,22.9727039337158,-19.313060760498,-126.101753234863,0.0378113649785519
56344,0,0.268620133399963,-0.907004952430725,0.297485530376434,-0.129182547330856,24.5988960266113,-10.7924718856812,-118.433876037598,0.0422746054828167
57152,0,0.140414953231812,-0.916298747062683,0.355354964733124,-0.120015077292919,27.1985378265381,-1.60945796966553,-113.863906860352,0.04165318608284
57960,0,0.0461517199873924,-0.887739300727844,0.435295730829239,-0.142502054572105,28.0100631713867,7.02834892272949,-113.505256652832,0.0380176790058613
58768,0,0.013385871425271,0.827311098575592,-0.512431800365448,0.229763224720955,25.1792888641357,15.6298418045044,-117.642753601074,0.0439159646630287
59576,0,0.0714646503329277,0.743588864803314,-0.58274120092392,0.319970965385437,24.1958866119385,24.3955554962158,-123.292839050293,0.0464991256594658
60384,0,0.122283704578876,0.61993682384491,-0.645111322402954,0.429601818323135,24.7869701385498,33.7041130065918,-132.002685546875,0.0393383093178272
61192,0,0.154306709766388,0.491054832935333,-0.67184054851532,0.532621324062347,27.2099475860596,40.5167236328125,-140.862640380859,0.0372233279049397
62000,0,0.180092483758926,0.375432699918747,-0.670296251773834,0.61426454782486,30.482572555542,44.7964668273926,-148.175994873047,0.0652478560805321
62808,0,0.159660682082176,0.285309761762619,-0.641762018203735,0.693720817565918,30.9164600372314,45.331844329834,-155.537734985352,0.0995213016867638
63616,0,0.0463883988559246,0.229131102561951,-0.571611702442169,0.786516070365906,25.4254035949707,40.195384979248,-165.655334472656,0.10910414904356
64424,0,0.110948130488396,-0.183407232165337,0.439695507287979,-0.872192978858948,21.2311000823975,29.8304958343506,-178.460479736328,0.0752475261688232
65232,0,0.214589267969131,-0.111044265329838,0.314415872097015,-0.918021559715271,23.5852108001709,22.0198402404785,-187.838531494141,0.0965378135442734
66040,0,0.299988269805908,-0.0530445203185081,0.186540558934212,-0.934021770954132,28.4022617340088,14.3227119445801,-194.749771118164,0.069211557507515
66848,0,0.363893747329712,-0.0260906983166933,0.0861655026674271,-0.927079498767853,31.7187404632568,7.82060146331787,-197.43977355957,0.0609147138893604
67656,0,0.401511132717133,-0.0310045555233955,0.0285384766757488,-0.914884507656097,32.5665016174316,2.64916324615479,-197.588562011719,0.0577568523585796
68464,0,0.408528476953506,-0.177956774830818,0.0567531287670135,-0.893428981304169,21.0864448547363,-0.382170438766479,-190.173858642578,0.0670962333679199
69272,0,0.461716294288635,-0.226063415408134,0.00138167291879654,-0.857736229896545,20.8680667877197,-7.71209096908569,-188.136932373047,0.0662013068795204
70080,0,0.521855175495148,-0.332208812236786,-0.0533063858747482,-0.783876895904541,19.1930770874023,-16.8809032440186,-181.447372436523,0.0544111393392086
70888,0,0.574450254440308,-0.43366864323616,-0.104973390698433,-0.686235368251801,19.7821769714355,-25.3506374359131,-173.929534912109,0.0423728972673416
71696,0,0.609580218791962,-0.530605554580688,-0.161093935370445,-0.566497027873993,23.0065727233887,-32.7010459899902,-166.01741027832,0.0348555333912373
72504,0,0.62147855758667,-0.595055937767029,-0.203824624419212,-0.467042773962021,26.6987991333008,-36.9463043212891,-160.200866699219,0.0409753546118736
73312,0,0.600017249584198,-0.661604523658752,-0.192089602351189,-0.406644999980927,26.6079940795898,-37.0066719055176,-154.151641845703,0.0414655320346355
74120,0,0.564734041690826,-0.74668687582016,-0.11610996723175,-0.331742316484451,24.7518463134766,-34.5077743530273,-146.126937866211,0.0440937168896198
74928,0,0.486845403909683,-0.832351207733154,0.0986503064632416,-0.245848745107651,20.1529693603516,-25.8251552581787,-136.015213012695,0.136643171310425
80416,0,0.390802800655365,-0.861457347869873,0.268047481775284,-0.182524010539055,19.9982681274414,-18.3681793212891,-128.607727050781,0.0205104127526283
81224,0,0.280435353517532,-0.878975570201874,0.357174068689346,-0.145549118518829,22.0576438903809,-10.2957801818848,-120.205657958984,0.0378043241798878
82032,0,0.154175475239754,-0.887221157550812,0.404853940010071,-0.158627212047577,23.8607292175293,-0.757670879364014,-115.954864501953,0.0377720072865486
82840,0,0.068818673491478,-0.852909088134766,0.478621244430542,-0.196806475520134,23.9902591705322,7.88573837280273,-116.188117980957,0.0377058424055576
83648,0,0.0115164387971163,-0.79177051782608,0.547217428684235,-0.271145820617676,22.5148334503174,16.2081546783447,-119.699485778809,0.0445525795221329
84456,0,0.0360994078218937,0.705432057380676,-0.608075618743896,0.362363129854202,21.5931758880615,24.5754356384277,-125.563552856445,0.0447120182216167
85264,0,0.0672387853264809,0.596962571144104,-0.651949048042297,0.462684720754623,21.6341991424561,32.2466468811035,-133.529220581055,0.0386460535228252
86072,0,0.0995613262057304,0.461677610874176,-0.672814249992371,0.569440901279449,24.4727020263672,39.6721153259277,-142.843521118164,0.0393906123936176
86880,0,0.112296268343925,0.359055638313293,-0.661678314208984,0.648575842380524,26.9505100250244,43.138801574707,-149.862915039062,0.0603090710937977
87688,0,0.0962960496544838,0.278100937604904,-0.634878695011139,0.714364230632782,27.8689632415771,43.8829231262207,-156.498275756836,0.0933306589722633
88496,0,0.0235128328204155,-0.230891212821007,0.566104710102081,-0.790988028049469,22.6222457885742,38.1715545654297,-166.139465332031,0.0982635319232941
89304,0,0.176987528800964,-0.197460666298866,0.425932377576828,-0.865023910999298,18.5562992095947,27.2706909179688,-178.215698242188,0.0947521328926086
90112,0,0.25579959154129,-0.144946783781052,0.308747202157974,-0.904562056064606,21.0632514953613,20.1170463562012,-187.149200439453,0.0966836661100388
90920,0,0.328238904476166,-0.093339279294014,0.195795074105263,-0.919354021549225,25.2101745605469,13.4881982803345,-193.259521484375,0.0656063184142113
91728,0,0.371409386396408,-0.0676512494683266,0.114203311502934,-0.918932139873505,28.4916591644287,8.18443012237549,-195.96321105957,0.062304999679327
92536,0,0.412134766578674,-0.0836249366402626,0.0597077608108521,-0.90531051158905,28.5019207000732,2.91953945159912,-195.833511352539,0.0621979050338268
93344,0,0.42258682847023,-0.236220940947533,0.0818986371159554,-0.871155977249146,17.4539241790771,-0.91363513469696,-187.218276977539,0.0743774175643921
94152,0,0.47547659277916,-0.281681656837463,0.0235573649406433,-0.833080172538757,17.6897926330566,-8.34035491943359,-185.153671264648,0.066786602139473
94960,0,0.529510617256165,-0.373495042324066,-0.0292293429374695,-0.761094748973846,16.8867874145508,-17.0252685546875,-179.19367980957,0.0569836162030697
95768,0,0.574256777763367,-0.466780096292496,-0.078790619969368,-0.667935132980347,17.9172554016113,-24.8712921142578,-172.17610168457,0.0381095819175243
96576,0,0.597043454647064,-0.558281898498535,-0.121725484728813,-0.563065767288208,20.2746143341064,-31.0915374755859,-164.935455322266,0.0328469425439835
97384,0,0.604254364967346,-0.620838046073914,-0.153806880116463,-0.47516331076622,23.2438144683838,-34.8836898803711,-159.427352905273,0.0362685360014439
98192,0,0.587100684642792,-0.689702391624451,-0.132341623306274,-0.402628809213638,23.5224895477295,-35.1146965026855,-152.780349731445,0.0389455854892731
99000,0,0.558680236339569,-0.766803085803986,-0.0297363102436066,-0.314651608467102,21.8974170684814,-32.3303565979004,-144.962448120117,0.0483850911259651
99808,0,0.475449800491333,-0.825608253479004,0.157085418701172,-0.260081946849823,18.2829914093018,-23.4762058258057,-136.115051269531,0.0571580491960049
100616,0,0.385581195354462,-0.858575224876404,0.255390852689743,-0.221249893307686,18.6085109710693,-16.8180046081543,-128.29541015625,0.0231429450213909
101424,0,0.279045909643173,-0.873958110809326,0.342800259590149,-0.202037498354912,19.2637748718262,-8.78249073028564,-121.86637878418,0.0377521254122257
102232,0,0.172047406435013,-0.877398788928986,0.393696844577789,-0.213481843471527,20.4597606658936,-0.42549455165863,-118.442733764648,0.0389385521411896
103040,0,0.0877828523516655,-0.843293726444244,0.470403015613556,-0.244687050580978,20.9344787597656,8.04591083526611,-118.34546661377,0.0400354005396366
103848,0,0.034977238625288,-0.785344004631042,0.530501425266266,-0.317143350839615,19.5257949829102,15.9129695892334,-122.119194030762,0.0401616655290127
104656,0,0.0113128190860152,0.706418871879578,-0.586321175098419,0.396322935819626,18.9935321807861,23.6759014129639,-127.483306884766,0.0420119687914848
105464,0,0.0544911958277225,0.607133150100708,-0.632957756519318,0.477267563343048,20.2270374298096,31.3565692901611,-134.132507324219,0.0378932729363441
106272,0,0.0739239081740379,0.489185303449631,-0.645843148231506,0.581480622291565,21.5682144165039,37.5776481628418,-143.295227050781,0.0364716649055481
107080,0,0.0902029797434807,0.385942578315735,-0.639738321304321,0.658518195152283,24.1997947692871,41.440315246582,-150.487518310547,0.0550397336483002
107888,0,0.0712125524878502,0.304975062608719,-0.611737012863159,0.72642719745636,24.9593715667725,42.119026184082,-157.420349121094,0.0886527448892593
108696,0,0.0326936691999435,-0.250781357288361,0.552614688873291,-0.794139444828033,21.4897747039795,37.2940635681152,-166.325134277344,0.122358195483685
109504,0,0.1927819699049,-0.233429312705994,0.405777186155319,-0.862375378608704,16.3607196807861,25.0925960540771,-177.978988647461,0.0942868366837502
110312,0,0.270726293325424,-0.17564782500267,0.305634081363678,-0.895792126655579,18.8357563018799,19.3039855957031,-185.921890258789,0.120667830109596
111120,0,0.323896527290344,-0.13261666893959,0.197627663612366,-0.915667951107025,22.5473499298096,12.806396484375,-191.713729858398,0.0777396410703659
111928,0,0.365797847509384,-0.113918446004391,0.118105262517929,-0.916114449501038,25.1755752563477,7.20590353012085,-194.423217773438,0.0613065622746944
112736,0,0.407863259315491,-0.127151370048523,0.065732054412365,-0.901753842830658,25.5793361663818,2.11789202690125,-194.411834716797,0.0676141083240509
113544,0,0.416613876819611,-0.277033686637878,0.0863251537084579,-0.861529469490051,15.4366502761841,-1.74674510955811,-185.26774597168,0.0719020143151283
114352,0,0.472454845905304,-0.337802648544312,0.032783254981041,-0.813388824462891,14.9943618774414,-9.52041053771973,-182.050827026367,0.0640334412455559
115160,0,0.521631002426147,-0.407208263874054,-0.0170408338308334,-0.749527752399445,15.1983699798584,-16.8332958221436,-177.361114501953,0.0540041029453278
115968,0,0.564305007457733,-0.490251988172531,-0.0656254887580872,-0.660988748073578,16.5587425231934,-24.3362922668457,-170.860000610352,0.0361435897648335
116776,0,0.582641065120697,-0.566295504570007,-0.0998957008123398,-0.574334561824799,18.4105396270752,-29.4962997436523,-164.793350219727,0.031076718121767
117584,0,0.586287200450897,-0.629954755306244,-0.123041599988937,-0.494251668453217,20.5346622467041,-32.8844451904297,-159.178649902344,0.031106099486351
118392,0,0.571015536785126,-0.695948779582977,-0.101070761680603,-0.423534065485001,20.958927154541,-33.2271308898926,-152.559417724609,0.0372078642249107
119200,0,0.532933950424194,-0.77184796333313,0.017849326133728,-0.346284985542297,18.3564720153809,-29.0265445709229,-144.599960327148,0.0594348423182964
120008,0,0.458067744970322,-0.821267485618591,0.162670940160751,-0.298716634511948,16.0232601165771,-21.509937286377,-136.725311279297,0.0580447316169739
120816,0,0.379934072494507,-0.85204952955246,0.252106994390488,-0.257106959819794,16.7811126708984,-15.5438861846924,-129.708023071289,0.0200113337486982
121624,0,0.278948694467545,-0.864762246608734,0.339249759912491,-0.243481993675232,16.982515335083,-7.61811017990112,-123.769012451172,0.0375311560928822
122432,0,0.173096999526024,-0.863979816436768,0.397438585758209,-0.256163060665131,17.9049968719482,0.798274040222168,-120.533981323242,0.0418770648539066
123240,0,0.0889029204845428,-0.835763037204742,0.461872965097427,-0.283318191766739,18.6686153411865,8.96726894378662,-120.337707519531,0.0420246757566929
124048,0,0.0313198119401932,-0.784793138504028,0.519564986228943,-0.336408644914627,18.4878749847412,16.4021129608154,-123.102760314941,0.0379647687077522
124856,0,0.00698284665122628,0.710660636425018,-0.569156467914581,0.413490325212479,17.7149066925049,23.4845371246338,-128.560623168945,0.037113256752491
125664,0,0.0374431386590004,0.622488915920258,-0.607016324996948,0.492582231760025,18.2368831634521,30.0366344451904,-135.134185791016,0.0342762656509876
126472,0,0.0452087372541428,0.498534262180328,-0.630755722522736,0.592930972576141,19.3519611358643,35.9895057678223,-144.119491577148,0.035989336669445
127280,0,0.0527731664478779,0.406700104475021,-0.622362554073334,0.666689991950989,21.282154083252,39.2774238586426,-151.09814453125,0.0477238409221172
128088,0,0.0350436195731163,0.329249858856201,-0.594139337539673,0.733052134513855,22.0554828643799,39.9464645385742,-158.163940429688,0.0764409452676773
128896,0,0.0336727648973465,-0.271122694015503,0.544208943843842,-0.793218433856964,20.362377166748,36.8269577026367,-165.662704467773,0.0950728952884674
129704,0,0.206263870000839,-0.27088674902916,0.390788823366165,-0.855195879936218,14.4506978988647,23.2430591583252,-177.202819824219,0.0956956669688225
130512,0,0.264814585447311,-0.211007535457611,0.300857305526733,-0.891534745693207,17.0907096862793,18.3520851135254,-184.544540405273,0.0932944715023041
131320,0,0.327628403902054,-0.178646251559258,0.202426508069038,-0.905411005020142,19.6729431152344,11.7584114074707,-189.905807495117,0.0844635739922523
132128,0,0.369902521371841,-0.159815177321434,0.129307419061661,-0.906041443347931,22.0820465087891,6.52979946136475,-192.452087402344,0.0747282579541206
132936,0,0.405794084072113,-0.174724325537682,0.0758013650774956,-0.893900156021118,22.4567718505859,1.39775121212006,-192.507186889648,0.0708421245217323
133744,0,0.41453629732132,-0.332441568374634,0.0973670333623886,-0.841523826122284,12.615062713623,-2.73642897605896,-181.93098449707,0.0777332484722137
134552,0,0.466559231281281,-0.370091170072556,0.0444034337997437,-0.802111685276031,13.3432626724243,-9.5878849029541,-180.160293579102,0.0648997724056244
135360,0,0.513072192668915,-0.443628400564194,-0.00253941211849451,-0.734808921813965,13.5280952453613,-16.9879207611084,-174.907516479492,0.0515486299991608
136176,0,0.546349346637726,-0.517583310604095,-0.0414408594369888,-0.657185137271881,14.6215877532959,-23.2482204437256,-169.17121887207,0.0378755368292332
136984,0,0.566722750663757,-0.582219004631042,-0.0767177939414978,-0.577893376350403,16.6959896087646,-28.249792098999,-163.899032592773,0.0287294685840607
137792,0,0.569158136844635,-0.64131498336792,-0.0953400731086731,-0.505652546882629,18.4611682891846,-31.2863845825195,-158.68359375,0.0305551327764988
138600,0,0.5530104637146,-0.708602070808411,-0.0679544508457184,-0.432949036359787,18.7599468231201,-31.4519386291504,-152.014053344727,0.0400629714131355
139408,0,0.51793360710144,-0.772997736930847,0.0497302114963531,-0.362968385219574,16.3426761627197,-27.0580959320068,-144.817642211914,0.0659377798438072
140216,0,0.443906784057617,-0.818132877349854,0.182293623685837,-0.316820502281189,14.6050605773926,-19.6980476379395,-137.103454589844,0.0429308898746967
141024,0,0.371428191661835,-0.840779006481171,0.2668297290802,-0.289713352918625,14.6329660415649,-13.6606578826904,-130.975875854492,0.0236125439405441
141832,0,0.280952900648117,-0.854331195354462,0.344183743000031,-0.269668787717819,15.5653648376465,-6.66515111923218,-125.161567687988,0.0326040275394917
142640,0,0.182335525751114,-0.848303318023682,0.405193537473679,-0.28801628947258,15.9194393157959,1.3973902463913,-122.428337097168,0.0570340715348721
143448,0,0.10948920994997,-0.818752884864807,0.460718303918839,-0.324646502733231,16.095645904541,9.32064437866211,-123.04044342041,0.0497791282832623
144256,0,0.0480267629027367,-0.769427895545959,0.51778918504715,-0.37090265750885,16.4010829925537,16.7862167358398,-125.381622314453,0.0338205769658089
145064,0,0.0111169936135411,-0.701951622962952,0.562672019004822,-0.436509996652603,16.3059558868408,23.3170833587646,-130.151702880859,0.038699097931385
145872,0,0.0123922163620591,0.615224003791809,-0.595865786075592,0.516033113002777,16.4862518310547,29.3040904998779,-136.935028076172,0.0320617333054543
146680,0,0.0233163610100746,0.515745878219604,-0.62188857793808,0.588827311992645,17.9160995483398,34.3517303466797,-143.472579956055,0.0355845540761948
147488,0,0.019568620249629,0.424969136714935,-0.607169270515442,0.671091973781586,18.8998165130615,37.2512550354004,-151.415985107422,0.0446306951344013
148296,0,0.00128696684259921,-0.350035935640335,0.57665079832077,-0.738205552101135,19.4638061523438,37.7434234619141,-158.574127197266,0.0674576759338379
149104,0,0.0589338839054108,-0.298070222139359,0.525420367717743,-0.794741809368134,18.1955165863037,34.7709426879883,-166.043075561523,0.0868165269494057
149912,0,0.203456550836563,-0.293371826410294,0.383121639490128,-0.851913154125214,13.5143737792969,22.7574005126953,-176.246398925781,0.0895182266831398
150720,0,0.281451225280762,-0.246557891368866,0.287938982248306,-0.881524741649628,15.1391448974609,16.4059524536133,-183.530319213867,0.091618537902832
151528,0,0.33222359418869,-0.213485479354858,0.205264776945114,-0.895498752593994,17.6283874511719,10.9933815002441,-188.38298034668,0.0882772952318192
152336,0,0.374378561973572,-0.202490270137787,0.139121130108833,-0.894138693809509,19.2860469818115,5.98407554626465,-190.582611083984,0.0801027193665504
153144,0,0.4091537296772,-0.217283949255943,0.0864459499716759,-0.881990909576416,19.8145790100098,0.760213911533356,-190.543045043945,0.0677550211548805
153952,0,0.418403208255768,-0.371362328529358,0.109407231211662,-0.821619927883148,10.7855167388916,-3.42619776725769,-179.305694580078,0.0726863741874695
154760,0,0.468630105257034,-0.4038365483284,0.0606799125671387,-0.783339083194733,11.6877841949463,-9.82009601593018,-177.858215332031,0.0650765001773834
155568,0,0.513635873794556,-0.458360254764557,0.0166800022125244,-0.725125014781952,12.4713945388794,-16.3680953979492,-173.973251342773,0.0489716418087482
156376,0,0.545705139636993,-0.53301215171814,-0.0180055201053619,-0.646358788013458,13.4910049438477,-22.48655128479,-168.109039306641,0.034065093845129
157184,0,0.566612720489502,-0.590781211853027,-0.0490632951259613,-0.572294414043427,15.5233640670776,-27.2519760131836,-163.335083007812,0.0301031451672316
157992,0,0.563354432582855,-0.653578042984009,-0.0542125403881073,-0.502522110939026,16.5784931182861,-29.5803928375244,-157.872192382812,0.0339870974421501
158800,0,0.542987942695618,-0.716346442699432,-0.0250862836837769,-0.437473356723785,16.7293224334717,-29.44091796875,-151.489715576172,0.0438710302114487
159608,0,0.528561115264893,-0.768256306648254,0.0590218007564545,-0.356261759996414,16.6383113861084,-27.7334690093994,-145.236297607422,0.0618541315197945
160416,0,0.442429691553116,-0.809469938278198,0.187145739793777,-0.337625741958618,13.6207942962646,-19.0289421081543,-138.007278442383,0.0335820131003857
161224,0,0.367353975772858,-0.834015071392059,0.271450638771057,-0.309490710496902,13.6409854888916,-12.6633605957031,-131.797088623047,0.0222550984472036
162032,0,0.285351932048798,-0.838914036750793,0.345121324062347,-0.309335947036743,13.5341205596924,-5.5172963142395,-127.597099304199,0.0352840200066566
162840,0,0.183698549866676,-0.830249607563019,0.413067609071732,-0.326061099767685,14.0039758682251,2.74713826179504,-124.586128234863,0.0636211633682251
163648,0,0.111669659614563,-0.803543269634247,0.467388987541199,-0.351278036832809,14.821496963501,10.1319742202759,-124.556030273438,0.0407315492630005
164456,0,0.0616926811635494,-0.755021989345551,0.51923018693924,-0.395647555589676,15.0217227935791,16.9642543792725,-127.17162322998,0.0405839458107948
165264,0,0.0299646705389023,-0.694696128368378,0.555753529071808,-0.45567324757576,14.9116115570068,22.5008907318115,-131.550979614258,0.0327810905873775
166072,0,0.00868742074817419,-0.610276281833649,0.586671948432922,-0.532262861728668,15.0398550033569,28.3118953704834,-138.142501831055,0.032226424664259
166880,0,0.00797969568520784,-0.513229787349701,0.607308983802795,-0.606388866901398,15.9485235214233,32.9186706542969,-144.96174621582,0.0370962098240852
167688,0,0.0253732744604349,-0.416001975536346,0.595774710178375,-0.686550140380859,16.9188747406006,35.5399971008301,-152.769607543945,0.0473099425435066
168496,0,0.0403649732470512,-0.352272629737854,0.569424629211426,-0.741639912128448,17.6867446899414,36.1463356018066,-158.847808837891,0.0640426799654961
169304,0,0.094567634165287,-0.303496450185776,0.51769357919693,-0.794317841529846,16.6571826934814,33.2150192260742,-166.240814208984,0.0821932703256607
170112,0,0.247182264924049,-0.317728102207184,0.359082341194153,-0.842027127742767,11.7975282669067,19.3477973937988,-176.329284667969,0.0826442837715149
170920,0,0.295876771211624,-0.269157618284225,0.285187542438507,-0.871022284030914,13.9154586791992,15.3821134567261,-182.395751953125,0.0939260497689247
171728,0,0.340867072343826,-0.241724029183388,0.20954766869545,-0.884007275104523,15.9481611251831,10.3117685317993,-186.723419189453,0.0867862701416016
172536,0,0.355287253856659,-0.242517605423927,0.167826175689697,-0.887012362480164,16.6321239471436,7.56947565078735,-187.669586181641,0.0800677090883255
173344,0,0.414870291948318,-0.24935057759285,0.0998566597700119,-0.86933034658432,17.7262115478516,0.476364701986313,-188.763687133789,0.0747948065400124
174152,0,0.374958455562592,-0.42296302318573,0.175583079457283,-0.806026875972748,8.10430908203125,0.851974666118622,-174.538284301758,0.0822645574808121
174960,0,0.470661699771881,-0.43895822763443,0.0788597241044044,-0.761298000812531,10.2423686981201,-10.0052394866943,-175.314956665039,0.065125085413456
175768,0,0.511071681976318,-0.485712945461273,0.0375780761241913,-0.708150267601013,11.217583656311,-16.0241737365723,-171.961532592773,0.047340389341116
176576,0,0.543538868427277,-0.546094000339508,0.0018356490181759,-0.63745129108429,12.6490392684937,-21.878604888916,-167.189315795898,0.0358483679592609
177384,0,0.556691467761993,-0.601423025131226,-0.0205203294754028,-0.572681605815887,14.0293865203857,-25.7398700714111,-162.703109741211,0.0282728355377913
178192,0,0.55790114402771,-0.65875518321991,-0.027373880147934,-0.504022538661957,15.4014110565186,-28.3406009674072,-157.491836547852,0.0349891260266304
179000,0,0.535484910011292,-0.719251394271851,0.00675660371780396,-0.442592322826385,15.3192806243896,-27.8753929138184,-151.115997314453,0.0469279028475285
179808,0,0.5157510638237,-0.767451882362366,0.0733684897422791,-0.373678117990494,15.3928775787354,-26.2855472564697,-145.189117431641,0.0639087036252022
180616,0,0.423008024692535,-0.803674936294556,0.214664131402969,-0.359291821718216,11.9802742004395,-16.1770515441895,-138.147521972656,0.0176082756370306
181424,0,0.367831528186798,-0.826455771923065,0.274430185556412,-0.326127588748932,12.6553745269775,-12.0910787582397,-132.854782104492,0.0216987710446119
182232,0,0.284565150737762,-0.82725065946579,0.351100474596024,-0.333777576684952,12.2196063995361,-4.44856595993042,-129.030059814453,0.0327674373984337
183040,0,0.199643418192863,-0.813286066055298,0.413884669542313,-0.356941878795624,12.2391986846924,3.08576321601868,-127.084632873535,0.0645049661397934
183848,0,0.12956814467907,-0.784656584262848,0.466141849756241,-0.387605965137482,12.7469158172607,10.4153861999512,-127.391822814941,0.0291343480348587
184656,0,0.0781059116125107,-0.742687523365021,0.514080286026001,-0.421943366527557,13.5204944610596,16.7254695892334,-129.034057617188,0.0233369879424572
185464,0,0.0541871935129166,-0.682191073894501,0.545513153076172,-0.48383292555809,13.1666469573975,21.8170375823975,-133.868499755859,0.0270669311285019
186272,0,0.0325901731848717,-0.616946578025818,0.571970641613007,-0.539597153663635,13.6732845306396,26.6277503967285,-138.718643188477,0.0312026496976614
187080,0,0.0394863933324814,-0.513836443424225,0.594601690769196,-0.617140054702759,14.3885650634766,31.1439476013184,-145.968124389648,0.0367761924862862
187888,0,0.0489127300679684,-0.438371568918228,0.583514392375946,-0.681872069835663,15.1076583862305,33.2881126403809,-152.126205444336,0.0443154722452164
188696,0,0.0746072381734848,-0.367497056722641,0.552764594554901,-0.744198203086853,15.5941457748413,33.7286796569824,-159.483108520508,0.0602611191570759
189504,0,0.100883729755878,-0.311215937137604,0.518218040466309,-0.790201187133789,16.235050201416,33.1229934692383,-165.342254638672,0.0826668962836266
190312,0,0.267478555440903,-0.340319752693176,0.352164447307587,-0.82983011007309,10.5904569625854,17.6870269775391,-175.578430175781,0.0846794545650482
191120,0,0.307493567466736,-0.297246962785721,0.285932719707489,-0.857516586780548,12.3479347229004,14.1977033615112,-180.789459228516,0.0919586569070816
191928,0,0.351221263408661,-0.27152693271637,0.215437561273575,-0.869772255420685,14.1998329162598,9.49167156219482,-184.962661743164,0.0912928357720375
192736,0,0.3907310962677,-0.264902472496033,0.15218523144722,-0.868329346179962,15.6712503433228,4.33432626724243,-187.129013061523,0.084012933075428
193544,0,0.423189878463745,-0.284006804227829,0.105971224606037,-0.853827118873596,15.7881870269775,-0.418447494506836,-186.64225769043,0.0753472596406937
194352,0,0.422909200191498,-0.434201240539551,0.136106997728348,-0.783640265464783,8.23655796051025,-4.18192577362061,-174.729415893555,0.072895921766758
195160,0,0.466616094112396,-0.454396784305573,0.0922847986221313,-0.753177762031555,9.27747535705566,-9.4961462020874,-174.031448364258,0.0625607743859291
195968,0,0.506730258464813,-0.502927422523499,0.0525251775979996,-0.698233127593994,10.1977987289429,-15.5401592254639,-170.64778137207,0.0478842295706272
196776,0,0.533353805541992,-0.561167061328888,0.0215277820825577,-0.632583379745483,11.4597902297974,-20.8201522827148,-166.150161743164,0.0344611741602421
197584,0,0.545922100543976,-0.614167869091034,0.00158758577890694,-0.569881558418274,12.7986688613892,-24.5020141601562,-161.776214599609,0.0297769345343113
198392,0,0.54158753156662,-0.672552227973938,0.00327141187153757,-0.504327356815338,13.7844371795654,-26.4710636138916,-156.19352722168,0.033683780580759
199200,0,0.524402022361755,-0.723320603370667,0.0366061627864838,-0.44773855805397,13.8833608627319,-26.0516471862793,-150.60661315918,0.0485730618238449
200008,0,0.514866828918457,-0.758698344230652,0.098767101764679,-0.386696517467499,14.0762939453125,-24.9195957183838,-146.017822265625,0.0610507987439632
200816,0,0.425476670265198,-0.788095474243164,0.234303086996078,-0.378123432397842,10.8563928604126,-14.9958333969116,-139.429763793945,0.019989188760519
201624,0,0.362625688314438,-0.810215055942535,0.298383206129074,-0.350744932889938,11.2224884033203,-10.0213785171509,-134.010894775391,0.0178003516048193
202432,0,0.282327502965927,-0.805713832378387,0.368927508592606,-0.36743500828743,10.8403673171997,-2.34337210655212,-131.097640991211,0.0575011074542999
203240,0,0.206950351595879,-0.793253004550934,0.423671871423721,-0.385257929563522,10.9810190200806,4.17297887802124,-129.215728759766,0.0333009548485279
204048,0,0.141791552305222,-0.768672943115234,0.469350636005402,-0.410787999629974,11.5494499206543,10.656364440918,-129.249969482422,0.0330805480480194
204856,0,0.0925589203834534,-0.729613840579987,0.514176905155182,-0.441270381212234,12.3663654327393,16.5011310577393,-130.594589233398,0.0205454286187887
205664,0,0.0742881298065186,-0.66636049747467,0.542149543762207,-0.50647646188736,11.9590740203857,21.4575634002686,-135.895095825195,0.0285655912011862
206472,0,0.0580453351140022,-0.600909113883972,0.563930451869965,-0.563490569591522,12.3116731643677,26.0159702301025,-140.973831176758,0.0335535630583763
207280,0,0.0545797683298588,-0.529247999191284,0.570237755775452,-0.625896811485291,12.9204616546631,29.4403953552246,-146.869110107422,0.0361760519444942
208088,0,0.0609374903142452,-0.447495520114899,0.559942662715912,-0.694620966911316,13.9863014221191,32.0853424072266,-153.887252807617,0.0434519685804844
208896,0,0.0808379799127579,-0.396244823932648,0.535380601882935,-0.741500854492188,14.2238111495972,32.0603713989258,-159.397567749023,0.0554789490997791
209704,0,0.101948976516724,-0.349652975797653,0.508579790592194,-0.780189990997314,14.7089748382568,31.5760669708252,-164.237014770508,0.0720849856734276
210512,0,0.282024651765823,-0.371118128299713,0.342536330223083,-0.815722107887268,9.30767250061035,15.86314868927,-174.196914672852,0.0817741453647614
211320,0,0.319782346487045,-0.330451548099518,0.282062947750092,-0.842010617256165,10.8853931427002,12.6282081604004,-179.219787597656,0.0943159982562065
212128,0,0.356399059295654,-0.306402981281281,0.218366771936417,-0.855226933956146,12.50315284729,8.51184940338135,-182.936614990234,0.0833132490515709
212936,0,0.400136977434158,-0.300310492515564,0.153543636202812,-0.85213166475296,13.8745946884155,3.16592717170715,-185.095840454102,0.079200267791748
213744,0,0.42935237288475,-0.315146625041962,0.113763198256493,-0.838687658309937,14.1243829727173,-1.01031851768494,-184.738861083984,0.0752050131559372
214552,0,0.426049888134003,-0.332711964845657,0.115214407444,-0.83337265253067,13.1264324188232,-1.3616863489151,-183.295150756836,0.0729626789689064
215360,0,0.464324712753296,-0.482558727264404,0.101562187075615,-0.735680043697357,8.30720520019531,-9.8005256652832,-171.78173828125,0.0625468716025352
216168,0,0.502026557922363,-0.516499876976013,0.062792494893074,-0.690836131572723,9.53267574310303,-15.0923614501953,-169.578552246094,0.0479452796280384
216976,0,0.526089131832123,-0.569837927818298,0.0355840623378754,-0.630276918411255,10.6582126617432,-19.9322967529297,-165.481704711914,0.0366799160838127
217784,0,0.533210158348083,-0.621724843978882,0.0235082507133484,-0.573230147361755,11.6319522857666,-23.0418968200684,-161.115219116211,0.0295120384544134
218592,0,0.525562942028046,-0.676259636878967,0.0292167365550995,-0.515367269515991,12.3546314239502,-24.5798263549805,-155.841690063477,0.0331229381263256
219400,0,0.513405442237854,-0.724146366119385,0.0525304079055786,-0.457457959651947,12.9357137680054,-24.8720817565918,-150.516372680664,0.0428839735686779
220224,0,0.497970402240753,-0.757774710655212,0.123855859041214,-0.403067052364349,12.5640621185303,-22.723201751709,-145.860336303711,0.0469679459929466
221040,0,0.404981791973114,-0.783654928207397,0.248148187994957,-0.400371640920639,9.72385406494141,-12.6538743972778,-139.619567871094,0.015114332549274
221848,0,0.355364888906479,-0.791925251483917,0.305392384529114,-0.391543120145798,9.48048400878906,-8.059326171875,-136.290390014648,0.0132736209779978
222656,0,0.28470903635025,-0.786236464977264,0.373425096273422,-0.401655435562134,9.29726409912109,-1.03448128700256,-133.61360168457,0.0138429095968604
223464,0,0.211523652076721,-0.778044998645782,0.426961034536362,-0.409400373697281,9.96044921875,5.09419679641724,-131.13151550293,0.0249331183731556
224272,0,0.144465789198875,-0.758514046669006,0.470754861831665,-0.426820367574692,10.9237041473389,11.1899309158325,-130.440780639648,0.0228145066648722
225080,0,0.0998287871479988,-0.725831925868988,0.510149240493774,-0.450500011444092,11.7593402862549,16.1975841522217,-131.367874145508,0.0168340895324945
225888,0,0.0919007733464241,-0.65586644411087,0.534982800483704,-0.52458244562149,10.8624858856201,20.9000053405762,-137.756530761719,0.0268519911915064
226704,0,0.0753468871116638,-0.602049827575684,0.552469313144684,-0.571522414684296,11.3269557952881,24.7348880767822,-141.872406005859,0.0284462012350559
227512,0,0.0754307508468628,-0.539013504981995,0.556141257286072,-0.628077805042267,11.7129154205322,27.6497745513916,-147.361236572266,0.0334132798016071
228320,0,0.0833643227815628,-0.468029916286469,0.542875707149506,-0.692304015159607,12.5130681991577,29.5832672119141,-153.503494262695,0.0349114425480366
229128,0,0.0942271500825882,-0.408045291900635,0.525990605354309,-0.740239024162292,13.3292140960693,30.9279384613037,-159.274002075195,0.0512025058269501
229936,0,0.119524352252483,-0.362548440694809,0.495471090078354,-0.780244112014771,13.545482635498,30.0615615844727,-164.45832824707,0.0680942386388779
230744,0,0.295035809278488,-0.390028268098831,0.332667827606201,-0.806327521800995,8.43556213378906,14.2564935684204,-173.2724609375,0.0777870118618011
231552,0,0.327668309211731,-0.35378023982048,0.283125042915344,-0.829043924808502,9.80895519256592,11.6569414138794,-177.667373657227,0.0837526917457581
232360,0,0.366620093584061,-0.334117949008942,0.227343633770943,-0.838015496730804,11.1442813873291,7.75079822540283,-180.969543457031,0.0871301591396332
233168,0,0.404595166444778,-0.329036086797714,0.165062204003334,-0.837133407592773,12.3971529006958,2.66329264640808,-182.942153930664,0.0763147547841072
233976,0,0.434058874845505,-0.33678612112999,0.120727777481079,-0.826796889305115,13.0271396636963,-1.46763730049133,-183.291107177734,0.0710291638970375
234784,0,0.425869941711426,-0.480297535657883,0.156916379928589,-0.750550925731659,6.75821495056152,-4.6714129447937,-171.07682800293,0.0670932307839394
235592,0,0.46481066942215,-0.498493552207947,0.117203183472157,-0.722301125526428,7.74487400054932,-9.48664283752441,-170.603713989258,0.0587330423295498
236400,0,0.5000901222229,-0.53706967830658,0.0812434703111649,-0.67443710565567,8.84361171722412,-14.858512878418,-167.981353759766,0.0474870055913925
237208,0,0.516738831996918,-0.58050811290741,0.0617533475160599,-0.626240730285645,9.68606185913086,-18.5951557159424,-164.505264282227,0.0360193327069283
238016,0,0.52426552772522,-0.62780088186264,0.0498463809490204,-0.573172926902771,10.5884552001953,-21.5486469268799,-160.398651123047,0.0284964833408594
238824,0,0.516773045063019,-0.681896686553955,0.0557450354099274,-0.514640629291534,11.4117622375488,-23.1854114532471,-155.217926025391,0.0311336070299149
239632,0,0.505568385124207,-0.725208818912506,0.0802027881145477,-0.460478335618973,11.9677066802979,-23.4134349822998,-150.355575561523,0.0386384092271328
40,0,0.502026617527008,-0.751190304756165,0.162923008203506,-0.396407306194305,11.4076681137085,-21.0225811004639,-146.784652709961,0.0445658452808857
864,0,0.462809801101685,-0.763348519802094,0.215556800365448,-0.395779579877853,10.6850032806396,-17.0387420654297,-143.479858398438,0.0242081545293331
1672,0,0.34500727057457,-0.771433115005493,0.346865773200989,-0.406872153282166,8.3940544128418,-4.93841457366943,-136.875991821289,0.0187820438295603
2480,0,0.284611165523529,-0.767956912517548,0.39990308880806,-0.411480844020844,8.7555456161499,0.490199506282806,-134.354461669922,0.0216858647763729
3288,0,0.220444858074188,-0.755491495132446,0.446527034044266,-0.425735682249069,9.21840858459473,6.17918395996094,-132.717971801758,0.0400618799030781
4096,0,0.163536116480827,-0.734969317913055,0.485801309347153,-0.443929821252823,9.98407363891602,11.3966627120972,-132.309265136719,0.0320157557725906
4904,0,0.120144367218018,-0.705456793308258,0.518718004226685,-0.467790484428406,10.7490930557251,15.9302101135254,-133.107925415039,0.0236318949609995
5712,0,0.118767082691193,-0.639645278453827,0.540580630302429,-0.533405125141144,10.0308494567871,20.0736236572266,-138.977508544922,0.0302066691219807
6520,0,0.108303375542164,-0.590393424034119,0.553234696388245,-0.577612996101379,10.4024572372437,23.3887004852295,-142.892883300781,0.0331048108637333
7328,0,0.105027191340923,-0.527288436889648,0.556311547756195,-0.633603751659393,10.8813409805298,26.6193733215332,-148.246475219727,0.0369942709803581
8136,0,0.115967206656933,-0.461780399084091,0.539731979370117,-0.694262206554413,11.3868608474731,28.4984664916992,-154.507049560547,0.0436186604201794
8944,0,0.131595104932785,-0.415077149868011,0.517606794834137,-0.736530601978302,11.7301912307739,28.7119140625,-159.509216308594,0.0501469783484936
9752,0,0.152581378817558,-0.37040314078331,0.491756558418274,-0.773107945919037,12.2685604095459,28.3472442626953,-164.227783203125,0.0651690289378166
10560,0,0.190461456775665,-0.348443567752838,0.45240518450737,-0.798524439334869,11.9085206985474,25.5648155212402,-168.077880859375,0.0741292983293533
11368,0,0.299076855182648,-0.363707304000854,0.327384382486343,-0.819200754165649,9.38171863555908,15.3264589309692,-174.480346679688,0.0825775861740112
12176,0,0.375695884227753,-0.35141783952713,0.234445720911026,-0.824859619140625,10.2386722564697,7.26979970932007,-179.64469909668,0.0814835429191589
12984,0,0.412099272012711,-0.357982456684113,0.186053708195686,-0.816949784755707,10.8277473449707,2.63195729255676,-180.642623901367,0.0769541040062904
13792,0,0.439759820699692,-0.369488060474396,0.147336453199387,-0.805221796035767,11.2290811538696,-1.22793400287628,-180.680282592773,0.0722450837492943
14600,0,0.438728272914886,-0.374256551265717,0.144832730293274,-0.804035782814026,10.9358472824097,-1.41778814792633,-180.198257446289,0.0703924000263214
15408,0,0.466127067804337,-0.521840572357178,0.13705387711525,-0.701159000396729,6.9986834526062,-9.36316204071045,-168.482711791992,0.0583131201565266
16216,0,0.493805944919586,-0.55209481716156,0.109197363257408,-0.662889719009399,7.89245367050171,-13.5806064605713,-166.48258972168,0.0490263290703297
17024,0,0.510149955749512,-0.593965172767639,0.089815691113472,-0.615536630153656,8.68234062194824,-17.3058929443359,-163.266448974609,0.0371217057108879
17832,0,0.518048882484436,-0.634802937507629,0.0795290172100067,-0.567737340927124,9.68785667419434,-20.1044311523438,-159.753875732422,0.0300658997148275
18640,0,0.513300061225891,-0.684400498867035,0.0838071703910828,-0.510974764823914,10.5840911865234,-21.923849105835,-154.738433837891,0.0310672763735056
19448,0,0.500644207000732,-0.723317384719849,0.10709610581398,-0.463355213403702,11.0615768432617,-21.9972438812256,-150.273864746094,0.0354965329170227
20256,0,0.484276473522186,-0.753233909606934,0.158495426177979,-0.415925651788712,11.1450815200806,-20.5493545532227,-145.978698730469,0.0333442129194736
21064,0,0.381440550088882,-0.751905620098114,0.293865442276001,-0.450315952301025,7.22021818161011,-7.73763179779053,-141.925765991211,0.024314833804965
21872,0,0.335265189409256,-0.758441805839539,0.341223508119583,-0.442639619112015,7.4043550491333,-3.70224857330322,-138.98307800293,0.0238016732037067
22680,0,0.282237589359283,-0.758129179477692,0.389373898506165,-0.440420240163803,7.80327129364014,0.971065640449524,-136.241577148438,0.0281984955072403
23488,0,0.215811774134636,-0.747911214828491,0.442096561193466,-0.445651531219482,8.61851692199707,6.92170000076294,-133.908645629883,0.0441591218113899
24296,0,0.170933812856674,-0.728355586528778,0.474949687719345,-0.463360816240311,9.22911071777344,11.3139038085938,-133.814544677734,0.0539072155952454
25104,0,0.131975710391998,-0.701519966125488,0.505010604858398,-0.485197395086288,9.84393787384033,15.5510263442993,-134.607528686523,0.0214764196425676
25912,0,0.134797468781471,-0.633236765861511,0.5245680809021,-0.552873730659485,9.04472923278809,19.2943000793457,-140.917938232422,0.0343697071075439
26720,0,0.119930483400822,-0.586139798164368,0.537888824939728,-0.593912959098816,9.58160495758057,22.7186698913574,-144.514495849609,0.0346256494522095
27528,0,0.119549602270126,-0.539580047130585,0.538736045360565,-0.63586550951004,9.85975933074951,24.9352836608887,-148.659927368164,0.0366395115852356
28336,0,0.123645760118961,-0.475855648517609,0.530519604682922,-0.690522611141205,10.6623630523682,27.2631435394287,-154.082778930664,0.0427474491298199
29144,0,0.140783578157425,-0.422873973846436,0.509495854377747,-0.736051797866821,11.1349954605103,27.7657718658447,-159.540618896484,0.0491024330258369
29952,0,0.160705491900444,-0.384988874197006,0.48513126373291,-0.768508553504944,11.5059881210327,27.2371768951416,-163.844421386719,0.0607841685414314
30760,0,0.299721777439117,-0.421314626932144,0.347528249025345,-0.782230496406555,7.36738395690918,13.8880558013916,-170.180313110352,0.0684980377554893
31568,0,0.355129063129425,-0.394108533859253,0.28468906879425,-0.798444807529449,8.14370346069336,9.24981498718262,-175.124618530273,0.0761879459023476
32376,0,0.385187149047852,-0.384143114089966,0.240050345659256,-0.804015636444092,8.94551563262939,5.92753648757935,-177.403747558594,0.0710673108696938
33184,0,0.420032680034637,-0.374846935272217,0.186160206794739,-0.805237293243408,10.1432237625122,1.80686008930206,-179.737075805664,0.0747582837939262
33992,0,0.444712907075882,-0.385140538215637,0.154411971569061,-0.793759822845459,10.5103321075439,-1.54910898208618,-179.664215087891,0.0730887949466705
